CREATE DATABASE  IF NOT EXISTS `cinema` /*!40100 DEFAULT CHARACTER SET utf8mb4 COLLATE utf8mb4_0900_ai_ci */;
USE `cinema`;
-- MySQL dump 10.13  Distrib 8.0.13, for Win64 (x86_64)
--
-- Host: localhost    Database: cinema
-- ------------------------------------------------------
-- Server version	8.0.13

/*!40101 SET @OLD_CHARACTER_SET_CLIENT=@@CHARACTER_SET_CLIENT */;
/*!40101 SET @OLD_CHARACTER_SET_RESULTS=@@CHARACTER_SET_RESULTS */;
/*!40101 SET @OLD_COLLATION_CONNECTION=@@COLLATION_CONNECTION */;
 SET NAMES utf8 ;
/*!40103 SET @OLD_TIME_ZONE=@@TIME_ZONE */;
/*!40103 SET TIME_ZONE='+00:00' */;
/*!40014 SET @OLD_UNIQUE_CHECKS=@@UNIQUE_CHECKS, UNIQUE_CHECKS=0 */;
/*!40014 SET @OLD_FOREIGN_KEY_CHECKS=@@FOREIGN_KEY_CHECKS, FOREIGN_KEY_CHECKS=0 */;
/*!40101 SET @OLD_SQL_MODE=@@SQL_MODE, SQL_MODE='NO_AUTO_VALUE_ON_ZERO' */;
/*!40111 SET @OLD_SQL_NOTES=@@SQL_NOTES, SQL_NOTES=0 */;

--
-- Table structure for table `danhgiaphim`
--


DROP TABLE IF EXISTS `danhgiaphim`;
/*!40101 SET @saved_cs_client     = @@character_set_client */;
 SET character_set_client = utf8mb4 ;
CREATE TABLE `danhgiaphim` (
  `phim_danhgia` bigint(20) NOT NULL,
  `user_id` bigint(20) NOT NULL,
  `danhgia` text,
  `tieude` varchar(255) DEFAULT NULL,
  `tenuser` varchar(255) DEFAULT NULL,
  PRIMARY KEY (`phim_danhgia`,`user_id`),
  KEY `FK4oagmh3dntcfxb7fu4w1v1wym` (`user_id`),
  CONSTRAINT `FK4oagmh3dntcfxb7fu4w1v1wym` FOREIGN KEY (`user_id`) REFERENCES `user` (`id`),
  CONSTRAINT `FKq754qu43tox1bbc94jnqtgdkg` FOREIGN KEY (`phim_danhgia`) REFERENCES `phim` (`id`)
) ENGINE=InnoDB DEFAULT CHARSET=utf8mb4 COLLATE=utf8mb4_0900_ai_ci;
/*!40101 SET character_set_client = @saved_cs_client */;

--
-- Dumping data for table `danhgiaphim`
--

LOCK TABLES `danhgiaphim` WRITE;
/*!40000 ALTER TABLE `danhgiaphim` DISABLE KEYS */;
INSERT INTO `danhgiaphim` VALUES (1,1,'Thanh Gươm Diệt Quỷ / Demon Slayer / Kimetsu No Yaiba là một thương hiệu sở hữu nhiều thành tích vô tiền khoáng hậu trong lịch sử ngành anime và manga Nhật Bản. Khởi đầu tốt nhưng không quá xuất sắc, phiên bản hoạt hình trung thành nguyên tác đã giúp truyện tranh phá vỡ hàng loạt cột mốc xuất bản. Thậm chí, phim điện ảnh hoạt hình Demon Slayer: Kimetsu no Yaiba – The Movie: Mugen Train còn đang nắm giữ kỉ lục ăn khách nhất lịch sử phim chiếu rạp tại xứ sở mặt trời mọc với doanh thu 507 triệu $. Nhân vật chính Kamado Tanjiro vốn là một cậu bé nông thôn bình thường, chăm chỉ làm việc và giúp mẹ chăm sóc đàn em. Ngày nọ, biến cố ập tới, gia đình Tanjiro bị sát hại gần hết. Em gái Nezuko hóa quỷ. Căm hận chúa quỷ Muzan và mong muốn cứu chữa cho em, Tanjiro cố công rèn luyện thành kiếm sĩ  diệt quỷ, chiến đấu chống lại kẻ thù mạnh hơn mình gấp hàng trăm ngàn lần. Cõng Nezuko trong chiếc hộp gỗ, trên hành trình nhọc nhằn, cậu kết bạn với cậu bé nhát gan Zenitsu và đầu heo nóng nảy Inosuke. Ở tập phim điện ảnh trước – Mugen Train, Tanjiro và bạn bè đã lên Chuyến Tàu Vô Tận cùng Viêm Trụ Rengoku Kyoujuro. Cả bọn thành công tiêu diệt Hạ Huyền Nhất Enmu. Tuy nhiên, Thượng Huyền Tam Akaza đột ngột xuất hiện, Kyoujuro hi sinh. Sau khi dưỡng thương; Tanjiro, Zenitsu và Inosuke bị Âm Trụ Uzui Tengen đưa tới Phố đèn đỏ để giả làm kỹ nữ, điều tra về một con quỷ đang lẩn trốn nơi đây. Họ thành công tìm bắt ả Daki xảo trá nhưng lại rơi vào tình thế vô cùng khó khắn. Hóa ra Daki và người anh Gyutaro là quỷ Thượng Huyền hùng mạnh! Xem thêm tại: https://www.galaxycine.vn/binh-luan-phim/review-demon-slayer-to-the-swordsmith-village-phim-tri-an-man-nhanXem thêm tại: https://www.galaxycine.vn/binh-luan-phim/review-demon-slayer-to-the-swordsmith-village-phim-tri-an-man-nhan','review vui về phim, just for fun ^^',NULL),(1,2,'Thanh Gươm Diệt Quỷ / Demon Slayer / Kimetsu No Yaiba là một thương hiệu sở hữu nhiều thành tích vô tiền khoáng hậu trong lịch sử ngành anime và manga Nhật Bản. Khởi đầu tốt nhưng không quá xuất sắc, phiên bản hoạt hình trung thành nguyên tác đã giúp truyện tranh phá vỡ hàng loạt cột mốc xuất bản. Thậm chí, phim điện ảnh hoạt hình Demon Slayer: Kimetsu no Yaiba – The Movie: Mugen Train còn đang nắm giữ kỉ lục ăn khách nhất lịch sử phim chiếu rạp tại xứ sở mặt trời mọc với doanh thu 507 triệu $. Nhân vật chính Kamado Tanjiro vốn là một cậu bé nông thôn bình thường, chăm chỉ làm việc và giúp mẹ chăm sóc đàn em. Ngày nọ, biến cố ập tới, gia đình Tanjiro bị sát hại gần hết. Em gái Nezuko hóa quỷ. Căm hận chúa quỷ Muzan và mong muốn cứu chữa cho em, Tanjiro cố công rèn luyện thành kiếm sĩ  diệt quỷ, chiến đấu chống lại kẻ thù mạnh hơn mình gấp hàng trăm ngàn lần. Cõng Nezuko trong chiếc hộp gỗ, trên hành trình nhọc nhằn, cậu kết bạn với cậu bé nhát gan Zenitsu và đầu heo nóng nảy Inosuke. Ở tập phim điện ảnh trước – Mugen Train, Tanjiro và bạn bè đã lên Chuyến Tàu Vô Tận cùng Viêm Trụ Rengoku Kyoujuro. Cả bọn thành công tiêu diệt Hạ Huyền Nhất Enmu. Tuy nhiên, Thượng Huyền Tam Akaza đột ngột xuất hiện, Kyoujuro hi sinh. Sau khi dưỡng thương; Tanjiro, Zenitsu và Inosuke bị Âm Trụ Uzui Tengen đưa tới Phố đèn đỏ để giả làm kỹ nữ, điều tra về một con quỷ đang lẩn trốn nơi đây. Họ thành công tìm bắt ả Daki xảo trá nhưng lại rơi vào tình thế vô cùng khó khắn. Hóa ra Daki và người anh Gyutaro là quỷ Thượng Huyền hùng mạnh! Xem thêm tại: https://www.galaxycine.vn/binh-luan-phim/review-demon-slayer-to-the-swordsmith-village-phim-tri-an-man-nhan\n\nXem thêm tại: https://www.galaxycine.vn/binh-luan-phim/review-demon-slayer-to-the-swordsmith-village-phim-tri-an-man-nhan','review vui về phim, just for fun ^^',NULL),(2,1,'Nếu nghĩ Nhện nhí nhà Marvel hay gã phản anh hùng Deadpool là những tên siêu năng lực nói nhiều nhất vũ trụ phim siêu anh hùng thì bạn nhầm to rồi. Chàng Shazam có khi ồn ào bằng cả đôi Spiderpool cộng lại! Là cậu nhóc ăn chưa no và lo chưa tới, thậm chí còn chẳng biết mình sẽ học gì làm gì ở mốc 18 tuổi, Billy Baston trở thành chiến thần bảo vệ nhân loại. Ở đoạn kết phần trước, sau khi đánh bại gã tiến sĩ Sivana, cậu nhóc và các anh chị em nuôi đều sở hữu sức mạnh siêu phàm. Khổ nỗi, dù là siêu anh hùng nhưng thực chất đây vẫn là đám choai choai mười mấy tuổi. Hậu quả là, thay vì được vinh danh như Liên Minh Công Lý hay Hội Công lý, gia đình nhỏ bị gán cho danh hiệu Báo thủ Philadelphia! Chưa hết, trong khi “bầy báo” đang vật lộn cùng sự ngốc nghếch và tâm tình tuổi mới lớn, những cô con gái nhà Atlas tới tìm họ để đòi sức mạnh. À, nào phải đòi, họ tước đoạt! Vẫn do đạo diễn phần trước David F. Sanberg cầm trịch, phim mới Shazam! Fury Of The Gods tiếp tục sử dụng màu phim tươi sáng và theo phong cách vui nhộn, đặc biệt hẳn so với các tác phẩm khác thuộc vũ trụ điện ảnh DC mở rộng. Hàng loạt miếng hài cười lăn cười bò rải xuyên suốt phim, đến tận phút cuối của after credit.  Xem thêm tại: https://www.galaxycine.vn/binh-luan-phim/review-shazam-fury-of-the-gods-lon-xon-nhung-rat-nhon\n\nXem thêm tại: https://www.galaxycine.vn/binh-luan-phim/review-shazam-fury-of-the-gods-lon-xon-nhung-rat-nhon','review vui về phim, just for fun ^^',NULL),(2,2,'Vẫn do đạo diễn phần trước David F. Sanberg cầm trịch, phim mới Shazam! Fury Of The Gods tiếp tục sử dụng màu phim tươi sáng và theo phong cách vui nhộn, đặc biệt hẳn so với các tác phẩm khác thuộc vũ trụ điện ảnh DC mở rộng. Hàng loạt miếng hài cười lăn cười bò rải xuyên suốt phim, đến tận phút cuối của after credit.  Kịch bản Shazam! Fury Of The Gods đơn giản, dễ đoán và gần như không có pha bẻ lái ngoạn mục nào. Tuy vậy, đây lại là điểm cộng cho phim. Nhân vật chính chỉ là cậu thiếu niên bốc đồng, ngây thơ, chưa trải sự đời. Thực tế, với một kịch bản hổng-cần-não, Shazam! và Black Adam chiếm được cảm tình của kha khá khán giả. Doanh thu lần lượt là 366 triệu $ và 393 triệu $   Shazam! Fury Of The Gods thể hiện rõ ràng việc đề cao “gia đình”. Thậm chí, Shazam! còn nhắc tới bộ phim hành động Fast & Furious với câu thoại “Quan trọng là gia đình”. Đây vừa là trứng phục sinh vì người thủ vai Hespera - nữ diễn viên kì cựu Helen Mirren cũng tham gia Quá Nhanh Quá Nguy Hiểm. Kĩ xảo cộng điểm rất lớn cho Shazam! 2. Con rồng Ladon gây ấn tượng mạnh mẽ. Trường đoạn quái vật xuất hiện và quậy tưng bừng thành phố đủ sức làm khán giả ám ảnh. Thật đáng ngạc nhiên khi kinh phí vỏn vẹn 125 triệu $. Có lẽ thời gian hậu kì đủ lâu đã giúp Fury Of The Gods “khéo co thì ấm”. Người anh em Marvel nên học hỏi và để đội ngũ sản xuất VFX nhà mình thêm thời gian hoàn thiện. So với phần trước, Shazam! Sự Phẫn Nộ Của Các Vị Thần ít cảnh xáp lá cà bởi con gái Atlas chủ yếu xài phép thuật. Dẫu vậy, trận chiến giữa các chiến thần Shazam! và hội nữ thần vài ngàn tuổi cũng vô cùng hài hước. Nhất là đoạn đánh hội đồng Hespera. Xem thêm tại: https://www.galaxycine.vn/binh-luan-phim/review-shazam-fury-of-the-gods-lon-xon-nhung-rat-nhon\n\nXem thêm tại: https://www.galaxycine.vn/binh-luan-phim/review-shazam-fury-of-the-gods-lon-xon-nhung-rat-nhon','review vui về phim, just for fun ^^',NULL),(3,1,'Câu chuyện về gia đình người phụ nữ châu Á Evelyn Wang làm chấn động cả thế giới. Đưa khán giả trải nghiệm hàng loạt cung bậc cảm xúc khác nhau, đi từ bất ngờ này đến bất ngờ khác, mở ra đa vũ trụ hỗn loạn hơn cả “multiverse of madness” của Doctor Strange. Evelyn Wang (Dương Tử Quỳnh) là người phụ nữ trung niên gốc Trung sống tại Mỹ nhiều năm. Bà sở hữu cửa tiệm giặt ủi đang dần xuống cấp. Cơm áo gạo tiền dần khiến Evelyn ngày càng cáu bẳn. Ông chồng Waymond (Quan Kế Huy) nhu nhược, người cha (James Hong) dần lú lẫn, con gái Joy (Stephanie Hsu) chẳng sống chung. Năm mới đến gần, Evelyn nào có tâm trạng vui vẻ đón lễ, bà phải đau đầu tính toán các khoản thuế để “đấu trí” cùng nhân viên cục Deirdre (Jamie Lee Curtis). Một biến cố khiến mọi nhận thức về thế giới này của Evelyn thay đổi. Hóa ra có hàng triệu triệu Evelyn khác nhau đã đang và sẽ tồn tại. Bà chỉ là con kiến nhỏ giữa muôn vàn vũ trụ. Tất cả mọi thứ tưởng là quan trọng đều chẳng ý nghĩa gì! Bộ đôi Daniel Scheinert và Daniel Kwan thành công nên tác phẩm đa tầng, đa nghĩa nhưng lại diễn giải vô cùng dễ hiểu. Kịch bản chặt chẽ, logic và liên kết từng cảnh quay. Họ chứng tỏ bản thân đúng là cặp bài trùng xuất sắc khi cùng viết kịch bản và chỉ đạo Everything Everywhere All At Once! Nhịp nhàng, ăn khớp và hoàn hảo! Scheinert và Kwan gặp nhau khi học làm phim tại Cao đẳng Emerson. Từ năm 2011, cả hai cùng nhau đạo diễn nhiều MV ca nhạc trong đó có Turn Down For What nổi tiếng. Năm 2016, họ lấn sân sang mảng điện ảnh, cùng biên kịch và đạo diễn Swiss Army Man. Tuy tác phẩm hài kì ảo với sự tham gia của Daniel Radcliffe và Paul Dano không đạt doanh thu khả quan nhưng giúp Scheinert và Kwan giành giải đạo diễn tại liên hoan phim Sundance 2016. Đây là bệ phóng quan trọng giúp họ đạt Everything Everywhere All At Once chẳng phải tác phẩm kinh phí lớn. Thậm chí, đội ngũ VFX cả bộ phim chỉ vỏn vẹn chín người, bao gồm luôn cặp đôi đồng biên kịch – đạo diễn. Chỉ học miễn phí từ các lớp online, nhóm đã tạo nên siêu phẩm giành Oscar. Thật khó tin nhưng có thật! Xem thêm tại: https://www.galaxycine.vn/binh-luan-phim/review-everything-everywhere-all-at-once-phim-oscar-khong-he-kho-hieu\n\nXem thêm tại: https://www.galaxycine.vn/binh-luan-phim/review-everything-everywhere-all-at-once-phim-oscar-khong-he-kho-hieu','review vui về phim, just for fun ^^',NULL),(3,2,'Những gì mà Siêu Lừa Gặp Siêu Lầy đem tới không đơn thuần là những tràng cười sảng khoái, mà còn có sự cao thấp hơn thua khi các bộ não hoạt động tối đa công suất. Đi cùng đấy vẫn có khoảnh khắc lắng đọng về thân phận, cuộc đời và nỗi niềm của từng người. Dẫn đến thông điệp cuối cùng là tình đồng đội, tình bạn bè, sẵn sàng xả thân bên nhau lúc hoạn nạn và cùng chia niềm vui hạnh phúc nhất. Sau khi “lỡ hẹn” với khán giả vào dịp Tết Nguyên Đán, giờ đây phim mới nhất của đạo diễn Võ Thanh Hòa tiếp tục chứng minh tài năng của nhà làm phim dày dặn kinh nghiệm này với thể loại sở trường: hành động pha hài hước. Phim kể về sự đụng độ bất đắc dĩ giữa Tú (Anh Tú) và Khoa (Mạc Văn Khoa), hai người đều kiếm sống bằng nghề lừa gạt. Sau khi chứng kiến “đẳng cấp” của Tú và đồng bọn thì Khoa tìm cách để xin nhập hội. Từ đây nhóm siêu lừa với mỗi thành viên đều có biệt tài riêng bắt đầu con đường chinh chiến. Ngoại trừ Tú và Khoa làm lãnh đạo thì còn có bé Mã Lai (Ngọc Phước) – một chuyên gia công nghệ đầy bản lĩnh. Còn lại là chú Năm (Trung Lùn) – “người vận chuyển” với biệt tài lái xe siêu hạng. Sau nhiều lần “phạm tội” thành công, cả nhóm tiếp cận một “người bị hại” trông có vẻ đầy tiềm năng, mục đích là gom trọn vố lớn để sống thoải mái về sau. Tuy nhiên có thật sự lúc nào cũng dễ dàng đạt thành công như vậy? Nổi bật nhất khi xem Siêu Lừa Gặp Siêu Lầy chắc chắn là những tình tiết gây cười duyên dáng đầy thông minh. Nếu Mạc Văn Khoa chỉ cần đứng im cũng đủ làm người xem khó lòng”nhăn mặt”, thì đến Ngọc Phước và Trung Lùn chính thức khiến cả rạp chiếu phim náo loạn bởi những chiêu trò quá trời quá đất. Xem thêm tại: https://www.galaxycine.vn/binh-luan-phim/review-sieu-lua-gap-sieu-lay-phi-vu-hoan-hao-cua-dien-anh-viet\nXem thêm tại: https://www.galaxycine.vn/binh-luan-phim/review-sieu-lua-gap-sieu-lay-phi-vu-hoan-hao-cua-dien-anh-viet','review vui về phim, just for fun ^^',NULL);
/*!40000 ALTER TABLE `danhgiaphim` ENABLE KEYS */;
UNLOCK TABLES;

--
-- Table structure for table `food`
--

DROP TABLE IF EXISTS `food`;
/*!40101 SET @saved_cs_client     = @@character_set_client */;
 SET character_set_client = utf8mb4 ;
CREATE TABLE `food` (
  `id` bigint(20) NOT NULL AUTO_INCREMENT,
  `gia` int(11) NOT NULL,
  `namefood` varchar(255) DEFAULT NULL,
  `noidung` varchar(255) DEFAULT NULL,
  `image` varchar(255) DEFAULT NULL,
  `trangthai` varchar(255) DEFAULT NULL,
  PRIMARY KEY (`id`)
) ENGINE=InnoDB AUTO_INCREMENT=8 DEFAULT CHARSET=utf8mb4 COLLATE=utf8mb4_0900_ai_ci;
/*!40101 SET character_set_client = @saved_cs_client */;

--
-- Dumping data for table `food`
--

LOCK TABLES `food` WRITE;
/*!40000 ALTER TABLE `food` DISABLE KEYS */;
INSERT INTO `food` VALUES (1,450000,'iLy D&D Dice Tower Cup','01 Ly D&D Dice Tower + 01 Ly nước ngọt size L','https://www.galaxycine.vn/media/2023/3/31/combo-dd-coonline-02_1680279884391.jpg','đang bán'),(2,500000,'iLy D&D Dice Tower 1','01 Ly D&D Dice Tower + 01 Ly nước ngọt size L + 01 Hộp bắp + FREE Vị POPCORN','https://www.galaxycine.vn/media/2023/3/31/combo-dd-coonline-02_1680279884391.jpg','ngưng bán'),(3,550000,'iLy D&D Dice Tower 2','01 Ly D&D Dice Tower + 02 Ly nước ngọt size L + 01 Hộp bắp + FREE Vị POPCORN','https://www.galaxycine.vn/media/2023/3/31/combo-dd-coonline-02_1680279884391.jpg','đang bán'),(4,450000,'iCombo 1 Big STD','1 Ly nước ngọt size L + 01 Hộp bắp + 1 Snack','https://www.galaxycine.vn/media/2023/3/31/menuboard-combo1-2-2022-coonline-combo2_1680280172153.jpg','đang bán'),(5,500000,'iCombo 2 Big STD','2 Ly nước ngọt size L + 01 Hộp bắp + 2 Snack','https://www.galaxycine.vn/media/2023/3/31/menuboard-combo1-2-2022-coonline-combo2_1680280172153.jpg','đang bán'),(6,550000,'iCombo 3 Big STD','2 Ly nước ngọt size L + 02 Hộp bắp + 3 Snack','https://www.galaxycine.vn/media/2023/3/31/menuboard-combo1-2-2022-coonline-combo2_1680280172153.jpg','đang bán'),(7,1,'Bình XIu','2 nước 1 chuối','1','đang bán');
/*!40000 ALTER TABLE `food` ENABLE KEYS */;
UNLOCK TABLES;

--
-- Table structure for table `ghe`
--

DROP TABLE IF EXISTS `ghe`;
/*!40101 SET @saved_cs_client     = @@character_set_client */;
 SET character_set_client = utf8mb4 ;
CREATE TABLE `ghe` (
  `id` bigint(20) NOT NULL AUTO_INCREMENT,
  `tenghe` int(11) DEFAULT NULL,
  `trangthai` varchar(50) NOT NULL,
  `idhangghe` bigint(20) DEFAULT NULL,
  PRIMARY KEY (`id`),
  KEY `FKo1x4lnve2p7onc9jg5qo09rqn` (`idhangghe`),
  CONSTRAINT `FKo1x4lnve2p7onc9jg5qo09rqn` FOREIGN KEY (`idhangghe`) REFERENCES `hangghe` (`id`)
) ENGINE=InnoDB AUTO_INCREMENT=3361 DEFAULT CHARSET=utf8mb4 COLLATE=utf8mb4_0900_ai_ci;
/*!40101 SET character_set_client = @saved_cs_client */;

--
-- Dumping data for table `ghe`
--

LOCK TABLES `ghe` WRITE;
/*!40000 ALTER TABLE `ghe` DISABLE KEYS */;
INSERT INTO `ghe` VALUES (1,1,'trống',1),(2,2,'trống',1),(3,3,'trống',1),(4,4,'trống',1),(5,5,'trống',1),(6,6,'trống',1),(7,7,'trống',1),(8,8,'trống',1),(9,9,'trống',1),(10,10,'trống',1),(11,11,'trống',1),(12,12,'trống',1),(13,1,'trống',2),(14,2,'trống',2),(15,3,'trống',2),(16,4,'trống',2),(17,5,'trống',2),(18,6,'trống',2),(19,7,'trống',2),(20,8,'trống',2),(21,9,'trống',2),(22,10,'trống',2),(23,11,'trống',2),(24,12,'trống',2),(25,1,'trống',3),(26,2,'trống',3),(27,3,'trống',3),(28,4,'trống',3),(29,5,'trống',3),(30,6,'trống',3),(31,7,'trống',3),(32,8,'trống',3),(33,9,'trống',3),(34,10,'trống',3),(35,11,'trống',3),(36,12,'trống',3),(37,1,'trống',4),(38,2,'trống',4),(39,3,'trống',4),(40,4,'trống',4),(41,5,'trống',4),(42,6,'trống',4),(43,7,'trống',4),(44,8,'trống',4),(45,9,'trống',4),(46,10,'trống',4),(47,11,'trống',4),(48,12,'trống',4),(49,1,'trống',5),(50,2,'trống',5),(51,3,'trống',5),(52,4,'trống',5),(53,5,'trống',5),(54,6,'trống',5),(55,7,'trống',5),(56,8,'trống',5),(57,9,'trống',5),(58,10,'trống',5),(59,11,'trống',5),(60,12,'trống',5),(61,1,'trống',6),(62,2,'trống',6),(63,3,'trống',6),(64,4,'trống',6),(65,5,'trống',6),(66,6,'trống',6),(67,7,'trống',6),(68,8,'có người',6),(69,9,'có người',6),(70,10,'trống',6),(71,11,'trống',6),(72,12,'trống',6),(73,1,'trống',7),(74,2,'trống',7),(75,3,'trống',7),(76,4,'trống',7),(77,5,'trống',7),(78,6,'trống',7),(79,7,'trống',7),(80,8,'trống',7),(81,9,'trống',7),(82,10,'trống',7),(83,11,'trống',7),(84,12,'trống',7),(85,1,'trống',8),(86,2,'trống',8),(87,3,'trống',8),(88,4,'trống',8),(89,5,'trống',8),(90,6,'trống',8),(91,7,'trống',8),(92,8,'trống',8),(93,9,'trống',8),(94,10,'trống',8),(95,11,'trống',8),(96,12,'trống',8),(97,1,'trống',9),(98,2,'trống',9),(99,3,'trống',9),(100,4,'trống',9),(101,5,'trống',9),(102,6,'trống',9),(103,7,'trống',9),(104,8,'trống',9),(105,9,'trống',9),(106,10,'trống',9),(107,11,'trống',9),(108,12,'trống',9),(109,1,'trống',10),(110,2,'trống',10),(111,3,'trống',10),(112,4,'trống',10),(113,5,'trống',10),(114,6,'trống',10),(115,7,'trống',10),(116,8,'trống',10),(117,9,'trống',10),(118,10,'trống',10),(119,11,'trống',10),(120,12,'trống',10),(121,1,'trống',11),(122,2,'trống',11),(123,3,'trống',11),(124,4,'trống',11),(125,5,'trống',11),(126,6,'trống',11),(127,7,'trống',11),(128,8,'trống',11),(129,9,'trống',11),(130,10,'trống',11),(131,11,'trống',11),(132,12,'trống',11),(133,1,'trống',12),(134,2,'trống',12),(135,3,'trống',12),(136,4,'trống',12),(137,5,'trống',12),(138,6,'trống',12),(139,7,'có người',12),(140,8,'có người',12),(141,9,'có người',12),(142,10,'trống',12),(143,11,'trống',12),(144,12,'trống',12),(145,1,'trống',13),(146,2,'trống',13),(147,3,'trống',13),(148,4,'trống',13),(149,5,'trống',13),(150,6,'có người',13),(151,7,'trống',13),(152,8,'trống',13),(153,9,'trống',13),(154,10,'trống',13),(155,11,'trống',13),(156,12,'trống',13),(157,1,'trống',14),(158,2,'trống',14),(159,3,'trống',14),(160,4,'trống',14),(161,5,'trống',14),(162,6,'trống',14),(163,7,'trống',14),(164,8,'trống',14),(165,9,'trống',14),(166,10,'trống',14),(167,11,'trống',14),(168,12,'trống',14),(169,1,'trống',15),(170,2,'trống',15),(171,3,'trống',15),(172,4,'trống',15),(173,5,'trống',15),(174,6,'trống',15),(175,7,'trống',15),(176,8,'trống',15),(177,9,'trống',15),(178,10,'trống',15),(179,11,'trống',15),(180,12,'trống',15),(181,1,'trống',16),(182,2,'trống',16),(183,3,'trống',16),(184,4,'trống',16),(185,5,'trống',16),(186,6,'trống',16),(187,7,'trống',16),(188,8,'có người',16),(189,9,'trống',16),(190,10,'trống',16),(191,11,'trống',16),(192,12,'trống',16),(193,1,'trống',17),(194,2,'trống',17),(195,3,'trống',17),(196,4,'trống',17),(197,5,'trống',17),(198,6,'trống',17),(199,7,'trống',17),(200,8,'trống',17),(201,9,'trống',17),(202,10,'trống',17),(203,11,'trống',17),(204,12,'trống',17),(205,1,'trống',18),(206,2,'trống',18),(207,3,'trống',18),(208,4,'trống',18),(209,5,'trống',18),(210,6,'trống',18),(211,7,'trống',18),(212,8,'trống',18),(213,9,'trống',18),(214,10,'trống',18),(215,11,'trống',18),(216,12,'trống',18),(217,1,'trống',19),(218,2,'trống',19),(219,3,'trống',19),(220,4,'trống',19),(221,5,'trống',19),(222,6,'trống',19),(223,7,'trống',19),(224,8,'trống',19),(225,9,'trống',19),(226,10,'trống',19),(227,11,'trống',19),(228,12,'trống',19),(229,1,'trống',20),(230,2,'trống',20),(231,3,'trống',20),(232,4,'trống',20),(233,5,'trống',20),(234,6,'trống',20),(235,7,'trống',20),(236,8,'trống',20),(237,9,'trống',20),(238,10,'trống',20),(239,11,'trống',20),(240,12,'trống',20),(241,1,'trống',21),(242,2,'trống',21),(243,3,'trống',21),(244,4,'trống',21),(245,5,'trống',21),(246,6,'trống',21),(247,7,'trống',21),(248,8,'trống',21),(249,9,'trống',21),(250,10,'trống',21),(251,11,'trống',21),(252,12,'trống',21),(253,1,'trống',22),(254,2,'trống',22),(255,3,'trống',22),(256,4,'trống',22),(257,5,'trống',22),(258,6,'trống',22),(259,7,'trống',22),(260,8,'trống',22),(261,9,'trống',22),(262,10,'trống',22),(263,11,'trống',22),(264,12,'trống',22),(265,1,'trống',23),(266,2,'trống',23),(267,3,'trống',23),(268,4,'trống',23),(269,5,'trống',23),(270,6,'trống',23),(271,7,'trống',23),(272,8,'trống',23),(273,9,'trống',23),(274,10,'trống',23),(275,11,'trống',23),(276,12,'trống',23),(277,1,'trống',24),(278,2,'trống',24),(279,3,'trống',24),(280,4,'trống',24),(281,5,'trống',24),(282,6,'trống',24),(283,7,'trống',24),(284,8,'trống',24),(285,9,'trống',24),(286,10,'trống',24),(287,11,'trống',24),(288,12,'trống',24),(289,1,'trống',25),(290,2,'trống',25),(291,3,'trống',25),(292,4,'trống',25),(293,5,'trống',25),(294,6,'trống',25),(295,7,'trống',25),(296,8,'trống',25),(297,9,'trống',25),(298,10,'trống',25),(299,11,'trống',25),(300,12,'trống',25),(301,1,'trống',26),(302,2,'trống',26),(303,3,'trống',26),(304,4,'trống',26),(305,5,'trống',26),(306,6,'trống',26),(307,7,'trống',26),(308,8,'trống',26),(309,9,'trống',26),(310,10,'trống',26),(311,11,'trống',26),(312,12,'trống',26),(313,1,'trống',27),(314,2,'trống',27),(315,3,'trống',27),(316,4,'trống',27),(317,5,'trống',27),(318,6,'trống',27),(319,7,'trống',27),(320,8,'trống',27),(321,9,'trống',27),(322,10,'trống',27),(323,11,'trống',27),(324,12,'trống',27),(325,1,'trống',28),(326,2,'trống',28),(327,3,'trống',28),(328,4,'trống',28),(329,5,'trống',28),(330,6,'trống',28),(331,7,'trống',28),(332,8,'trống',28),(333,9,'trống',28),(334,10,'trống',28),(335,11,'trống',28),(336,12,'trống',28),(337,1,'trống',29),(338,2,'trống',29),(339,3,'trống',29),(340,4,'trống',29),(341,5,'trống',29),(342,6,'trống',29),(343,7,'trống',29),(344,8,'trống',29),(345,9,'trống',29),(346,10,'trống',29),(347,11,'trống',29),(348,12,'trống',29),(349,1,'trống',30),(350,2,'trống',30),(351,3,'trống',30),(352,4,'trống',30),(353,5,'trống',30),(354,6,'trống',30),(355,7,'trống',30),(356,8,'trống',30),(357,9,'trống',30),(358,10,'trống',30),(359,11,'trống',30),(360,12,'trống',30),(361,1,'trống',31),(362,2,'trống',31),(363,3,'trống',31),(364,4,'trống',31),(365,5,'trống',31),(366,6,'trống',31),(367,7,'trống',31),(368,8,'trống',31),(369,9,'trống',31),(370,10,'trống',31),(371,11,'trống',31),(372,12,'trống',31),(373,1,'trống',32),(374,2,'trống',32),(375,3,'trống',32),(376,4,'trống',32),(377,5,'trống',32),(378,6,'trống',32),(379,7,'trống',32),(380,8,'trống',32),(381,9,'trống',32),(382,10,'trống',32),(383,11,'trống',32),(384,12,'trống',32),(385,1,'trống',33),(386,2,'trống',33),(387,3,'trống',33),(388,4,'trống',33),(389,5,'trống',33),(390,6,'trống',33),(391,7,'trống',33),(392,8,'trống',33),(393,9,'trống',33),(394,10,'trống',33),(395,11,'trống',33),(396,12,'trống',33),(397,1,'trống',34),(398,2,'trống',34),(399,3,'trống',34),(400,4,'trống',34),(401,5,'trống',34),(402,6,'trống',34),(403,7,'trống',34),(404,8,'trống',34),(405,9,'trống',34),(406,10,'trống',34),(407,11,'trống',34),(408,12,'trống',34),(409,1,'trống',35),(410,2,'trống',35),(411,3,'trống',35),(412,4,'trống',35),(413,5,'trống',35),(414,6,'trống',35),(415,7,'trống',35),(416,8,'trống',35),(417,9,'trống',35),(418,10,'trống',35),(419,11,'trống',35),(420,12,'trống',35),(421,1,'trống',36),(422,2,'trống',36),(423,3,'trống',36),(424,4,'trống',36),(425,5,'trống',36),(426,6,'trống',36),(427,7,'trống',36),(428,8,'trống',36),(429,9,'trống',36),(430,10,'trống',36),(431,11,'trống',36),(432,12,'trống',36),(433,1,'trống',37),(434,2,'trống',37),(435,3,'trống',37),(436,4,'trống',37),(437,5,'trống',37),(438,6,'trống',37),(439,7,'trống',37),(440,8,'trống',37),(441,9,'trống',37),(442,10,'trống',37),(443,11,'trống',37),(444,12,'trống',37),(445,1,'trống',38),(446,2,'trống',38),(447,3,'trống',38),(448,4,'trống',38),(449,5,'trống',38),(450,6,'trống',38),(451,7,'trống',38),(452,8,'trống',38),(453,9,'trống',38),(454,10,'trống',38),(455,11,'trống',38),(456,12,'trống',38),(457,1,'trống',39),(458,2,'trống',39),(459,3,'trống',39),(460,4,'trống',39),(461,5,'trống',39),(462,6,'trống',39),(463,7,'trống',39),(464,8,'trống',39),(465,9,'trống',39),(466,10,'trống',39),(467,11,'trống',39),(468,12,'trống',39),(469,1,'trống',40),(470,2,'trống',40),(471,3,'trống',40),(472,4,'trống',40),(473,5,'trống',40),(474,6,'trống',40),(475,7,'trống',40),(476,8,'trống',40),(477,9,'trống',40),(478,10,'trống',40),(479,11,'trống',40),(480,12,'trống',40),(481,1,'trống',41),(482,2,'trống',41),(483,3,'trống',41),(484,4,'trống',41),(485,5,'trống',41),(486,6,'trống',41),(487,7,'trống',41),(488,8,'trống',41),(489,9,'trống',41),(490,10,'trống',41),(491,11,'trống',41),(492,12,'trống',41),(493,1,'trống',42),(494,2,'trống',42),(495,3,'trống',42),(496,4,'trống',42),(497,5,'trống',42),(498,6,'trống',42),(499,7,'trống',42),(500,8,'trống',42),(501,9,'trống',42),(502,10,'trống',42),(503,11,'trống',42),(504,12,'trống',42),(505,1,'trống',43),(506,2,'trống',43),(507,3,'trống',43),(508,4,'trống',43),(509,5,'trống',43),(510,6,'trống',43),(511,7,'trống',43),(512,8,'trống',43),(513,9,'trống',43),(514,10,'trống',43),(515,11,'trống',43),(516,12,'trống',43),(517,1,'trống',44),(518,2,'trống',44),(519,3,'trống',44),(520,4,'trống',44),(521,5,'trống',44),(522,6,'trống',44),(523,7,'trống',44),(524,8,'trống',44),(525,9,'trống',44),(526,10,'trống',44),(527,11,'trống',44),(528,12,'trống',44),(529,1,'trống',45),(530,2,'trống',45),(531,3,'trống',45),(532,4,'trống',45),(533,5,'trống',45),(534,6,'trống',45),(535,7,'trống',45),(536,8,'trống',45),(537,9,'trống',45),(538,10,'trống',45),(539,11,'trống',45),(540,12,'trống',45),(541,1,'trống',46),(542,2,'trống',46),(543,3,'trống',46),(544,4,'trống',46),(545,5,'trống',46),(546,6,'trống',46),(547,7,'trống',46),(548,8,'trống',46),(549,9,'trống',46),(550,10,'trống',46),(551,11,'trống',46),(552,12,'trống',46),(553,1,'trống',47),(554,2,'trống',47),(555,3,'trống',47),(556,4,'trống',47),(557,5,'trống',47),(558,6,'trống',47),(559,7,'trống',47),(560,8,'trống',47),(561,9,'trống',47),(562,10,'trống',47),(563,11,'trống',47),(564,12,'trống',47),(565,1,'trống',48),(566,2,'trống',48),(567,3,'trống',48),(568,4,'trống',48),(569,5,'trống',48),(570,6,'trống',48),(571,7,'trống',48),(572,8,'trống',48),(573,9,'trống',48),(574,10,'trống',48),(575,11,'trống',48),(576,12,'trống',48),(577,1,'trống',49),(578,2,'trống',49),(579,3,'trống',49),(580,4,'trống',49),(581,5,'trống',49),(582,6,'trống',49),(583,7,'trống',49),(584,8,'trống',49),(585,9,'trống',49),(586,10,'trống',49),(587,11,'trống',49),(588,12,'trống',49),(589,1,'trống',50),(590,2,'trống',50),(591,3,'trống',50),(592,4,'trống',50),(593,5,'trống',50),(594,6,'trống',50),(595,7,'trống',50),(596,8,'trống',50),(597,9,'trống',50),(598,10,'trống',50),(599,11,'trống',50),(600,12,'trống',50),(601,1,'trống',51),(602,2,'trống',51),(603,3,'trống',51),(604,4,'trống',51),(605,5,'trống',51),(606,6,'trống',51),(607,7,'trống',51),(608,8,'trống',51),(609,9,'trống',51),(610,10,'trống',51),(611,11,'trống',51),(612,12,'trống',51),(613,1,'trống',52),(614,2,'trống',52),(615,3,'trống',52),(616,4,'trống',52),(617,5,'trống',52),(618,6,'trống',52),(619,7,'trống',52),(620,8,'trống',52),(621,9,'trống',52),(622,10,'trống',52),(623,11,'trống',52),(624,12,'trống',52),(625,1,'trống',53),(626,2,'trống',53),(627,3,'trống',53),(628,4,'trống',53),(629,5,'trống',53),(630,6,'trống',53),(631,7,'trống',53),(632,8,'trống',53),(633,9,'trống',53),(634,10,'trống',53),(635,11,'trống',53),(636,12,'trống',53),(637,1,'trống',54),(638,2,'trống',54),(639,3,'trống',54),(640,4,'trống',54),(641,5,'trống',54),(642,6,'trống',54),(643,7,'trống',54),(644,8,'trống',54),(645,9,'trống',54),(646,10,'trống',54),(647,11,'trống',54),(648,12,'trống',54),(649,1,'trống',55),(650,2,'trống',55),(651,3,'trống',55),(652,4,'trống',55),(653,5,'trống',55),(654,6,'trống',55),(655,7,'trống',55),(656,8,'trống',55),(657,9,'trống',55),(658,10,'trống',55),(659,11,'trống',55),(660,12,'trống',55),(661,1,'trống',56),(662,2,'trống',56),(663,3,'trống',56),(664,4,'trống',56),(665,5,'trống',56),(666,6,'trống',56),(667,7,'trống',56),(668,8,'trống',56),(669,9,'trống',56),(670,10,'trống',56),(671,11,'trống',56),(672,12,'trống',56),(673,1,'trống',57),(674,2,'trống',57),(675,3,'trống',57),(676,4,'trống',57),(677,5,'trống',57),(678,6,'trống',57),(679,7,'trống',57),(680,8,'trống',57),(681,9,'trống',57),(682,10,'trống',57),(683,11,'trống',57),(684,12,'trống',57),(685,1,'trống',58),(686,2,'trống',58),(687,3,'trống',58),(688,4,'trống',58),(689,5,'trống',58),(690,6,'trống',58),(691,7,'trống',58),(692,8,'trống',58),(693,9,'trống',58),(694,10,'trống',58),(695,11,'trống',58),(696,12,'trống',58),(697,1,'trống',59),(698,2,'trống',59),(699,3,'trống',59),(700,4,'trống',59),(701,5,'trống',59),(702,6,'trống',59),(703,7,'trống',59),(704,8,'trống',59),(705,9,'trống',59),(706,10,'trống',59),(707,11,'trống',59),(708,12,'trống',59),(709,1,'trống',60),(710,2,'trống',60),(711,3,'trống',60),(712,4,'trống',60),(713,5,'trống',60),(714,6,'trống',60),(715,7,'trống',60),(716,8,'trống',60),(717,9,'trống',60),(718,10,'trống',60),(719,11,'trống',60),(720,12,'trống',60),(721,1,'trống',61),(722,2,'trống',61),(723,3,'trống',61),(724,4,'trống',61),(725,5,'trống',61),(726,6,'trống',61),(727,7,'trống',61),(728,8,'trống',61),(729,9,'trống',61),(730,10,'trống',61),(731,11,'trống',61),(732,12,'trống',61),(733,1,'trống',62),(734,2,'trống',62),(735,3,'trống',62),(736,4,'trống',62),(737,5,'trống',62),(738,6,'trống',62),(739,7,'trống',62),(740,8,'trống',62),(741,9,'trống',62),(742,10,'trống',62),(743,11,'trống',62),(744,12,'trống',62),(745,1,'trống',63),(746,2,'trống',63),(747,3,'trống',63),(748,4,'trống',63),(749,5,'trống',63),(750,6,'trống',63),(751,7,'trống',63),(752,8,'trống',63),(753,9,'trống',63),(754,10,'trống',63),(755,11,'trống',63),(756,12,'trống',63),(757,1,'trống',64),(758,2,'trống',64),(759,3,'trống',64),(760,4,'trống',64),(761,5,'trống',64),(762,6,'trống',64),(763,7,'trống',64),(764,8,'trống',64),(765,9,'trống',64),(766,10,'trống',64),(767,11,'trống',64),(768,12,'trống',64),(769,1,'trống',65),(770,2,'trống',65),(771,3,'trống',65),(772,4,'trống',65),(773,5,'trống',65),(774,6,'trống',65),(775,7,'trống',65),(776,8,'trống',65),(777,9,'trống',65),(778,10,'trống',65),(779,11,'trống',65),(780,12,'trống',65),(781,1,'trống',66),(782,2,'trống',66),(783,3,'trống',66),(784,4,'trống',66),(785,5,'trống',66),(786,6,'trống',66),(787,7,'trống',66),(788,8,'trống',66),(789,9,'trống',66),(790,10,'trống',66),(791,11,'trống',66),(792,12,'trống',66),(793,1,'trống',67),(794,2,'trống',67),(795,3,'trống',67),(796,4,'trống',67),(797,5,'trống',67),(798,6,'trống',67),(799,7,'trống',67),(800,8,'trống',67),(801,9,'trống',67),(802,10,'trống',67),(803,11,'trống',67),(804,12,'trống',67),(805,1,'trống',68),(806,2,'trống',68),(807,3,'trống',68),(808,4,'trống',68),(809,5,'trống',68),(810,6,'trống',68),(811,7,'trống',68),(812,8,'trống',68),(813,9,'trống',68),(814,10,'trống',68),(815,11,'trống',68),(816,12,'trống',68),(817,1,'trống',69),(818,2,'trống',69),(819,3,'trống',69),(820,4,'trống',69),(821,5,'trống',69),(822,6,'trống',69),(823,7,'trống',69),(824,8,'trống',69),(825,9,'trống',69),(826,10,'trống',69),(827,11,'trống',69),(828,12,'trống',69),(829,1,'trống',70),(830,2,'trống',70),(831,3,'trống',70),(832,4,'trống',70),(833,5,'trống',70),(834,6,'trống',70),(835,7,'trống',70),(836,8,'trống',70),(837,9,'trống',70),(838,10,'trống',70),(839,11,'trống',70),(840,12,'trống',70),(841,1,'trống',71),(842,2,'trống',71),(843,3,'trống',71),(844,4,'trống',71),(845,5,'trống',71),(846,6,'trống',71),(847,7,'trống',71),(848,8,'trống',71),(849,9,'trống',71),(850,10,'trống',71),(851,11,'trống',71),(852,12,'trống',71),(853,1,'trống',72),(854,2,'trống',72),(855,3,'trống',72),(856,4,'trống',72),(857,5,'trống',72),(858,6,'trống',72),(859,7,'trống',72),(860,8,'trống',72),(861,9,'trống',72),(862,10,'trống',72),(863,11,'trống',72),(864,12,'trống',72),(865,1,'trống',73),(866,2,'trống',73),(867,3,'trống',73),(868,4,'trống',73),(869,5,'trống',73),(870,6,'trống',73),(871,7,'trống',73),(872,8,'trống',73),(873,9,'trống',73),(874,10,'trống',73),(875,11,'trống',73),(876,12,'trống',73),(877,1,'trống',74),(878,2,'trống',74),(879,3,'trống',74),(880,4,'trống',74),(881,5,'trống',74),(882,6,'trống',74),(883,7,'trống',74),(884,8,'trống',74),(885,9,'trống',74),(886,10,'trống',74),(887,11,'trống',74),(888,12,'trống',74),(889,1,'trống',75),(890,2,'trống',75),(891,3,'trống',75),(892,4,'trống',75),(893,5,'trống',75),(894,6,'trống',75),(895,7,'trống',75),(896,8,'trống',75),(897,9,'trống',75),(898,10,'trống',75),(899,11,'trống',75),(900,12,'trống',75),(901,1,'trống',76),(902,2,'trống',76),(903,3,'trống',76),(904,4,'trống',76),(905,5,'trống',76),(906,6,'trống',76),(907,7,'trống',76),(908,8,'trống',76),(909,9,'trống',76),(910,10,'trống',76),(911,11,'trống',76),(912,12,'trống',76),(913,1,'trống',77),(914,2,'trống',77),(915,3,'trống',77),(916,4,'trống',77),(917,5,'trống',77),(918,6,'trống',77),(919,7,'trống',77),(920,8,'trống',77),(921,9,'trống',77),(922,10,'trống',77),(923,11,'trống',77),(924,12,'trống',77),(925,1,'trống',78),(926,2,'trống',78),(927,3,'trống',78),(928,4,'trống',78),(929,5,'trống',78),(930,6,'trống',78),(931,7,'trống',78),(932,8,'trống',78),(933,9,'trống',78),(934,10,'trống',78),(935,11,'trống',78),(936,12,'trống',78),(937,1,'trống',79),(938,2,'trống',79),(939,3,'trống',79),(940,4,'trống',79),(941,5,'trống',79),(942,6,'trống',79),(943,7,'trống',79),(944,8,'trống',79),(945,9,'trống',79),(946,10,'trống',79),(947,11,'trống',79),(948,12,'trống',79),(949,1,'trống',80),(950,2,'trống',80),(951,3,'trống',80),(952,4,'trống',80),(953,5,'trống',80),(954,6,'trống',80),(955,7,'trống',80),(956,8,'trống',80),(957,9,'trống',80),(958,10,'trống',80),(959,11,'trống',80),(960,12,'trống',80),(961,1,'trống',81),(962,2,'trống',81),(963,3,'trống',81),(964,4,'trống',81),(965,5,'trống',81),(966,6,'trống',81),(967,7,'trống',81),(968,8,'trống',81),(969,9,'trống',81),(970,10,'trống',81),(971,11,'trống',81),(972,12,'trống',81),(973,1,'trống',82),(974,2,'trống',82),(975,3,'trống',82),(976,4,'trống',82),(977,5,'trống',82),(978,6,'trống',82),(979,7,'trống',82),(980,8,'trống',82),(981,9,'trống',82),(982,10,'trống',82),(983,11,'trống',82),(984,12,'trống',82),(985,1,'trống',83),(986,2,'trống',83),(987,3,'trống',83),(988,4,'trống',83),(989,5,'trống',83),(990,6,'trống',83),(991,7,'trống',83),(992,8,'trống',83),(993,9,'trống',83),(994,10,'trống',83),(995,11,'trống',83),(996,12,'trống',83),(997,1,'trống',84),(998,2,'trống',84),(999,3,'trống',84),(1000,4,'trống',84),(1001,5,'trống',84),(1002,6,'trống',84),(1003,7,'trống',84),(1004,8,'trống',84),(1005,9,'có người',84),(1006,10,'trống',84),(1007,11,'trống',84),(1008,12,'trống',84),(1009,1,'trống',85),(1010,2,'trống',85),(1011,3,'trống',85),(1012,4,'trống',85),(1013,5,'trống',85),(1014,6,'trống',85),(1015,7,'trống',85),(1016,8,'trống',85),(1017,9,'trống',85),(1018,10,'trống',85),(1019,11,'trống',85),(1020,12,'trống',85),(1021,1,'trống',86),(1022,2,'trống',86),(1023,3,'trống',86),(1024,4,'trống',86),(1025,5,'trống',86),(1026,6,'trống',86),(1027,7,'trống',86),(1028,8,'trống',86),(1029,9,'trống',86),(1030,10,'trống',86),(1031,11,'trống',86),(1032,12,'trống',86),(1033,1,'trống',87),(1034,2,'trống',87),(1035,3,'trống',87),(1036,4,'trống',87),(1037,5,'trống',87),(1038,6,'trống',87),(1039,7,'trống',87),(1040,8,'trống',87),(1041,9,'trống',87),(1042,10,'trống',87),(1043,11,'trống',87),(1044,12,'trống',87),(1045,1,'trống',88),(1046,2,'trống',88),(1047,3,'trống',88),(1048,4,'trống',88),(1049,5,'trống',88),(1050,6,'trống',88),(1051,7,'trống',88),(1052,8,'trống',88),(1053,9,'trống',88),(1054,10,'trống',88),(1055,11,'trống',88),(1056,12,'trống',88),(1057,1,'trống',89),(1058,2,'trống',89),(1059,3,'trống',89),(1060,4,'trống',89),(1061,5,'trống',89),(1062,6,'trống',89),(1063,7,'trống',89),(1064,8,'trống',89),(1065,9,'trống',89),(1066,10,'trống',89),(1067,11,'trống',89),(1068,12,'trống',89),(1069,1,'trống',90),(1070,2,'trống',90),(1071,3,'trống',90),(1072,4,'trống',90),(1073,5,'trống',90),(1074,6,'trống',90),(1075,7,'trống',90),(1076,8,'trống',90),(1077,9,'trống',90),(1078,10,'trống',90),(1079,11,'trống',90),(1080,12,'trống',90),(1081,1,'trống',91),(1082,2,'trống',91),(1083,3,'trống',91),(1084,4,'trống',91),(1085,5,'trống',91),(1086,6,'trống',91),(1087,7,'trống',91),(1088,8,'trống',91),(1089,9,'trống',91),(1090,10,'trống',91),(1091,11,'trống',91),(1092,12,'trống',91),(1093,1,'trống',92),(1094,2,'trống',92),(1095,3,'trống',92),(1096,4,'trống',92),(1097,5,'trống',92),(1098,6,'trống',92),(1099,7,'trống',92),(1100,8,'trống',92),(1101,9,'trống',92),(1102,10,'trống',92),(1103,11,'trống',92),(1104,12,'trống',92),(1105,1,'trống',93),(1106,2,'trống',93),(1107,3,'trống',93),(1108,4,'trống',93),(1109,5,'trống',93),(1110,6,'trống',93),(1111,7,'trống',93),(1112,8,'trống',93),(1113,9,'trống',93),(1114,10,'trống',93),(1115,11,'trống',93),(1116,12,'trống',93),(1117,1,'trống',94),(1118,2,'trống',94),(1119,3,'trống',94),(1120,4,'trống',94),(1121,5,'trống',94),(1122,6,'trống',94),(1123,7,'trống',94),(1124,8,'trống',94),(1125,9,'trống',94),(1126,10,'trống',94),(1127,11,'trống',94),(1128,12,'trống',94),(1129,1,'trống',95),(1130,2,'trống',95),(1131,3,'trống',95),(1132,4,'trống',95),(1133,5,'trống',95),(1134,6,'trống',95),(1135,7,'trống',95),(1136,8,'trống',95),(1137,9,'trống',95),(1138,10,'trống',95),(1139,11,'trống',95),(1140,12,'trống',95),(1141,1,'trống',96),(1142,2,'trống',96),(1143,3,'trống',96),(1144,4,'trống',96),(1145,5,'trống',96),(1146,6,'trống',96),(1147,7,'trống',96),(1148,8,'trống',96),(1149,9,'trống',96),(1150,10,'trống',96),(1151,11,'trống',96),(1152,12,'trống',96),(1153,1,'trống',97),(1154,2,'trống',97),(1155,3,'trống',97),(1156,4,'trống',97),(1157,5,'trống',97),(1158,6,'trống',97),(1159,7,'trống',97),(1160,8,'trống',97),(1161,9,'trống',97),(1162,10,'trống',97),(1163,11,'trống',97),(1164,12,'trống',97),(1165,1,'trống',98),(1166,2,'trống',98),(1167,3,'trống',98),(1168,4,'trống',98),(1169,5,'trống',98),(1170,6,'trống',98),(1171,7,'trống',98),(1172,8,'trống',98),(1173,9,'trống',98),(1174,10,'trống',98),(1175,11,'trống',98),(1176,12,'trống',98),(1177,1,'trống',99),(1178,2,'trống',99),(1179,3,'trống',99),(1180,4,'trống',99),(1181,5,'trống',99),(1182,6,'trống',99),(1183,7,'trống',99),(1184,8,'trống',99),(1185,9,'trống',99),(1186,10,'trống',99),(1187,11,'trống',99),(1188,12,'trống',99),(1189,1,'trống',100),(1190,2,'trống',100),(1191,3,'trống',100),(1192,4,'trống',100),(1193,5,'trống',100),(1194,6,'trống',100),(1195,7,'trống',100),(1196,8,'trống',100),(1197,9,'trống',100),(1198,10,'trống',100),(1199,11,'trống',100),(1200,12,'trống',100),(1201,1,'trống',101),(1202,2,'trống',101),(1203,3,'trống',101),(1204,4,'trống',101),(1205,5,'trống',101),(1206,6,'trống',101),(1207,7,'trống',101),(1208,8,'trống',101),(1209,9,'trống',101),(1210,10,'trống',101),(1211,11,'trống',101),(1212,12,'trống',101),(1213,1,'trống',102),(1214,2,'trống',102),(1215,3,'trống',102),(1216,4,'trống',102),(1217,5,'trống',102),(1218,6,'trống',102),(1219,7,'trống',102),(1220,8,'trống',102),(1221,9,'trống',102),(1222,10,'trống',102),(1223,11,'trống',102),(1224,12,'trống',102),(1225,1,'trống',103),(1226,2,'trống',103),(1227,3,'trống',103),(1228,4,'trống',103),(1229,5,'trống',103),(1230,6,'trống',103),(1231,7,'trống',103),(1232,8,'trống',103),(1233,9,'trống',103),(1234,10,'trống',103),(1235,11,'trống',103),(1236,12,'trống',103),(1237,1,'trống',104),(1238,2,'trống',104),(1239,3,'trống',104),(1240,4,'trống',104),(1241,5,'trống',104),(1242,6,'trống',104),(1243,7,'trống',104),(1244,8,'trống',104),(1245,9,'trống',104),(1246,10,'trống',104),(1247,11,'trống',104),(1248,12,'trống',104),(1249,1,'trống',105),(1250,2,'trống',105),(1251,3,'trống',105),(1252,4,'trống',105),(1253,5,'trống',105),(1254,6,'trống',105),(1255,7,'trống',105),(1256,8,'trống',105),(1257,9,'trống',105),(1258,10,'trống',105),(1259,11,'trống',105),(1260,12,'trống',105),(1261,1,'trống',106),(1262,2,'trống',106),(1263,3,'trống',106),(1264,4,'trống',106),(1265,5,'trống',106),(1266,6,'trống',106),(1267,7,'trống',106),(1268,8,'trống',106),(1269,9,'trống',106),(1270,10,'trống',106),(1271,11,'trống',106),(1272,12,'trống',106),(1273,1,'trống',107),(1274,2,'trống',107),(1275,3,'trống',107),(1276,4,'trống',107),(1277,5,'trống',107),(1278,6,'trống',107),(1279,7,'trống',107),(1280,8,'trống',107),(1281,9,'trống',107),(1282,10,'trống',107),(1283,11,'trống',107),(1284,12,'trống',107),(1285,1,'trống',108),(1286,2,'trống',108),(1287,3,'trống',108),(1288,4,'trống',108),(1289,5,'trống',108),(1290,6,'trống',108),(1291,7,'trống',108),(1292,8,'trống',108),(1293,9,'trống',108),(1294,10,'trống',108),(1295,11,'trống',108),(1296,12,'trống',108),(1297,1,'trống',109),(1298,2,'trống',109),(1299,3,'trống',109),(1300,4,'trống',109),(1301,5,'trống',109),(1302,6,'trống',109),(1303,7,'trống',109),(1304,8,'trống',109),(1305,9,'trống',109),(1306,10,'trống',109),(1307,11,'trống',109),(1308,12,'trống',109),(1309,1,'trống',110),(1310,2,'trống',110),(1311,3,'trống',110),(1312,4,'trống',110),(1313,5,'trống',110),(1314,6,'trống',110),(1315,7,'trống',110),(1316,8,'trống',110),(1317,9,'trống',110),(1318,10,'trống',110),(1319,11,'trống',110),(1320,12,'trống',110),(1321,1,'trống',111),(1322,2,'trống',111),(1323,3,'trống',111),(1324,4,'trống',111),(1325,5,'trống',111),(1326,6,'trống',111),(1327,7,'trống',111),(1328,8,'trống',111),(1329,9,'trống',111),(1330,10,'trống',111),(1331,11,'trống',111),(1332,12,'trống',111),(1333,1,'trống',112),(1334,2,'trống',112),(1335,3,'trống',112),(1336,4,'trống',112),(1337,5,'trống',112),(1338,6,'trống',112),(1339,7,'trống',112),(1340,8,'trống',112),(1341,9,'trống',112),(1342,10,'trống',112),(1343,11,'trống',112),(1344,12,'trống',112),(1345,1,'trống',113),(1346,2,'trống',113),(1347,3,'trống',113),(1348,4,'trống',113),(1349,5,'trống',113),(1350,6,'trống',113),(1351,7,'trống',113),(1352,8,'trống',113),(1353,9,'trống',113),(1354,10,'trống',113),(1355,11,'trống',113),(1356,12,'trống',113),(1357,1,'trống',114),(1358,2,'trống',114),(1359,3,'trống',114),(1360,4,'trống',114),(1361,5,'trống',114),(1362,6,'trống',114),(1363,7,'trống',114),(1364,8,'trống',114),(1365,9,'trống',114),(1366,10,'trống',114),(1367,11,'trống',114),(1368,12,'trống',114),(1369,1,'trống',115),(1370,2,'trống',115),(1371,3,'trống',115),(1372,4,'trống',115),(1373,5,'trống',115),(1374,6,'trống',115),(1375,7,'trống',115),(1376,8,'trống',115),(1377,9,'trống',115),(1378,10,'trống',115),(1379,11,'trống',115),(1380,12,'trống',115),(1381,1,'trống',116),(1382,2,'trống',116),(1383,3,'trống',116),(1384,4,'trống',116),(1385,5,'trống',116),(1386,6,'trống',116),(1387,7,'trống',116),(1388,8,'trống',116),(1389,9,'trống',116),(1390,10,'trống',116),(1391,11,'trống',116),(1392,12,'trống',116),(1393,1,'trống',117),(1394,2,'trống',117),(1395,3,'trống',117),(1396,4,'trống',117),(1397,5,'trống',117),(1398,6,'trống',117),(1399,7,'trống',117),(1400,8,'trống',117),(1401,9,'trống',117),(1402,10,'trống',117),(1403,11,'trống',117),(1404,12,'trống',117),(1405,1,'trống',118),(1406,2,'trống',118),(1407,3,'trống',118),(1408,4,'trống',118),(1409,5,'trống',118),(1410,6,'trống',118),(1411,7,'trống',118),(1412,8,'trống',118),(1413,9,'trống',118),(1414,10,'trống',118),(1415,11,'trống',118),(1416,12,'trống',118),(1417,1,'trống',119),(1418,2,'trống',119),(1419,3,'trống',119),(1420,4,'trống',119),(1421,5,'trống',119),(1422,6,'trống',119),(1423,7,'trống',119),(1424,8,'trống',119),(1425,9,'trống',119),(1426,10,'trống',119),(1427,11,'trống',119),(1428,12,'trống',119),(1429,1,'trống',120),(1430,2,'trống',120),(1431,3,'trống',120),(1432,4,'trống',120),(1433,5,'trống',120),(1434,6,'trống',120),(1435,7,'trống',120),(1436,8,'trống',120),(1437,9,'trống',120),(1438,10,'trống',120),(1439,11,'trống',120),(1440,12,'trống',120),(1441,1,'trống',121),(1442,2,'trống',121),(1443,3,'trống',121),(1444,4,'trống',121),(1445,5,'trống',121),(1446,6,'trống',121),(1447,7,'trống',121),(1448,8,'trống',121),(1449,9,'trống',121),(1450,10,'trống',121),(1451,11,'trống',121),(1452,12,'trống',121),(1453,1,'trống',122),(1454,2,'trống',122),(1455,3,'trống',122),(1456,4,'trống',122),(1457,5,'trống',122),(1458,6,'trống',122),(1459,7,'trống',122),(1460,8,'trống',122),(1461,9,'trống',122),(1462,10,'trống',122),(1463,11,'trống',122),(1464,12,'trống',122),(1465,1,'trống',123),(1466,2,'trống',123),(1467,3,'trống',123),(1468,4,'trống',123),(1469,5,'trống',123),(1470,6,'trống',123),(1471,7,'trống',123),(1472,8,'trống',123),(1473,9,'trống',123),(1474,10,'trống',123),(1475,11,'trống',123),(1476,12,'trống',123),(1477,1,'trống',124),(1478,2,'trống',124),(1479,3,'trống',124),(1480,4,'trống',124),(1481,5,'trống',124),(1482,6,'trống',124),(1483,7,'trống',124),(1484,8,'trống',124),(1485,9,'trống',124),(1486,10,'trống',124),(1487,11,'trống',124),(1488,12,'trống',124),(1489,1,'trống',125),(1490,2,'trống',125),(1491,3,'trống',125),(1492,4,'trống',125),(1493,5,'trống',125),(1494,6,'trống',125),(1495,7,'trống',125),(1496,8,'trống',125),(1497,9,'trống',125),(1498,10,'trống',125),(1499,11,'trống',125),(1500,12,'trống',125),(1501,1,'trống',126),(1502,2,'trống',126),(1503,3,'trống',126),(1504,4,'trống',126),(1505,5,'trống',126),(1506,6,'trống',126),(1507,7,'trống',126),(1508,8,'trống',126),(1509,9,'trống',126),(1510,10,'trống',126),(1511,11,'trống',126),(1512,12,'trống',126),(1513,1,'trống',127),(1514,2,'trống',127),(1515,3,'trống',127),(1516,4,'trống',127),(1517,5,'trống',127),(1518,6,'trống',127),(1519,7,'trống',127),(1520,8,'trống',127),(1521,9,'trống',127),(1522,10,'trống',127),(1523,11,'trống',127),(1524,12,'trống',127),(1525,1,'trống',128),(1526,2,'trống',128),(1527,3,'trống',128),(1528,4,'trống',128),(1529,5,'trống',128),(1530,6,'trống',128),(1531,7,'trống',128),(1532,8,'trống',128),(1533,9,'trống',128),(1534,10,'trống',128),(1535,11,'trống',128),(1536,12,'trống',128),(1537,1,'trống',129),(1538,2,'trống',129),(1539,3,'trống',129),(1540,4,'trống',129),(1541,5,'trống',129),(1542,6,'trống',129),(1543,7,'trống',129),(1544,8,'trống',129),(1545,9,'trống',129),(1546,10,'trống',129),(1547,11,'trống',129),(1548,12,'trống',129),(1549,1,'trống',130),(1550,2,'trống',130),(1551,3,'trống',130),(1552,4,'trống',130),(1553,5,'trống',130),(1554,6,'trống',130),(1555,7,'trống',130),(1556,8,'trống',130),(1557,9,'trống',130),(1558,10,'trống',130),(1559,11,'trống',130),(1560,12,'trống',130),(1561,1,'trống',131),(1562,2,'trống',131),(1563,3,'trống',131),(1564,4,'trống',131),(1565,5,'trống',131),(1566,6,'trống',131),(1567,7,'trống',131),(1568,8,'trống',131),(1569,9,'trống',131),(1570,10,'trống',131),(1571,11,'trống',131),(1572,12,'trống',131),(1573,1,'trống',132),(1574,2,'trống',132),(1575,3,'trống',132),(1576,4,'trống',132),(1577,5,'trống',132),(1578,6,'trống',132),(1579,7,'trống',132),(1580,8,'trống',132),(1581,9,'trống',132),(1582,10,'trống',132),(1583,11,'trống',132),(1584,12,'trống',132),(1585,1,'trống',133),(1586,2,'trống',133),(1587,3,'trống',133),(1588,4,'trống',133),(1589,5,'trống',133),(1590,6,'trống',133),(1591,7,'trống',133),(1592,8,'trống',133),(1593,9,'trống',133),(1594,10,'trống',133),(1595,11,'trống',133),(1596,12,'trống',133),(1597,1,'trống',134),(1598,2,'trống',134),(1599,3,'trống',134),(1600,4,'trống',134),(1601,5,'trống',134),(1602,6,'trống',134),(1603,7,'trống',134),(1604,8,'trống',134),(1605,9,'trống',134),(1606,10,'trống',134),(1607,11,'trống',134),(1608,12,'trống',134),(1609,1,'trống',135),(1610,2,'trống',135),(1611,3,'trống',135),(1612,4,'trống',135),(1613,5,'trống',135),(1614,6,'trống',135),(1615,7,'trống',135),(1616,8,'trống',135),(1617,9,'trống',135),(1618,10,'trống',135),(1619,11,'trống',135),(1620,12,'trống',135),(1621,1,'trống',136),(1622,2,'trống',136),(1623,3,'trống',136),(1624,4,'trống',136),(1625,5,'trống',136),(1626,6,'trống',136),(1627,7,'trống',136),(1628,8,'trống',136),(1629,9,'trống',136),(1630,10,'trống',136),(1631,11,'trống',136),(1632,12,'trống',136),(1633,1,'trống',137),(1634,2,'trống',137),(1635,3,'trống',137),(1636,4,'trống',137),(1637,5,'trống',137),(1638,6,'trống',137),(1639,7,'trống',137),(1640,8,'trống',137),(1641,9,'trống',137),(1642,10,'trống',137),(1643,11,'trống',137),(1644,12,'trống',137),(1645,1,'trống',138),(1646,2,'trống',138),(1647,3,'trống',138),(1648,4,'trống',138),(1649,5,'trống',138),(1650,6,'trống',138),(1651,7,'trống',138),(1652,8,'trống',138),(1653,9,'trống',138),(1654,10,'trống',138),(1655,11,'trống',138),(1656,12,'trống',138),(1657,1,'trống',139),(1658,2,'trống',139),(1659,3,'trống',139),(1660,4,'trống',139),(1661,5,'trống',139),(1662,6,'trống',139),(1663,7,'trống',139),(1664,8,'trống',139),(1665,9,'trống',139),(1666,10,'trống',139),(1667,11,'trống',139),(1668,12,'trống',139),(1669,1,'trống',140),(1670,2,'trống',140),(1671,3,'trống',140),(1672,4,'trống',140),(1673,5,'trống',140),(1674,6,'trống',140),(1675,7,'trống',140),(1676,8,'trống',140),(1677,9,'trống',140),(1678,10,'trống',140),(1679,11,'trống',140),(1680,12,'trống',140),(1681,1,'trống',141),(1682,2,'trống',141),(1683,3,'trống',141),(1684,4,'trống',141),(1685,5,'trống',141),(1686,6,'trống',141),(1687,7,'trống',141),(1688,8,'trống',141),(1689,9,'trống',141),(1690,10,'trống',141),(1691,11,'trống',141),(1692,12,'trống',141),(1693,1,'trống',142),(1694,2,'trống',142),(1695,3,'trống',142),(1696,4,'trống',142),(1697,5,'trống',142),(1698,6,'trống',142),(1699,7,'trống',142),(1700,8,'trống',142),(1701,9,'trống',142),(1702,10,'trống',142),(1703,11,'trống',142),(1704,12,'trống',142),(1705,1,'trống',143),(1706,2,'trống',143),(1707,3,'trống',143),(1708,4,'trống',143),(1709,5,'trống',143),(1710,6,'trống',143),(1711,7,'trống',143),(1712,8,'trống',143),(1713,9,'trống',143),(1714,10,'trống',143),(1715,11,'trống',143),(1716,12,'trống',143),(1717,1,'trống',144),(1718,2,'trống',144),(1719,3,'trống',144),(1720,4,'trống',144),(1721,5,'trống',144),(1722,6,'trống',144),(1723,7,'trống',144),(1724,8,'trống',144),(1725,9,'trống',144),(1726,10,'trống',144),(1727,11,'trống',144),(1728,12,'trống',144),(1729,1,'trống',145),(1730,2,'trống',145),(1731,3,'trống',145),(1732,4,'trống',145),(1733,5,'trống',145),(1734,6,'trống',145),(1735,7,'trống',145),(1736,8,'trống',145),(1737,9,'trống',145),(1738,10,'trống',145),(1739,11,'trống',145),(1740,12,'trống',145),(1741,1,'trống',146),(1742,2,'trống',146),(1743,3,'trống',146),(1744,4,'trống',146),(1745,5,'trống',146),(1746,6,'trống',146),(1747,7,'trống',146),(1748,8,'trống',146),(1749,9,'trống',146),(1750,10,'trống',146),(1751,11,'trống',146),(1752,12,'trống',146),(1753,1,'trống',147),(1754,2,'trống',147),(1755,3,'trống',147),(1756,4,'trống',147),(1757,5,'trống',147),(1758,6,'trống',147),(1759,7,'trống',147),(1760,8,'trống',147),(1761,9,'trống',147),(1762,10,'trống',147),(1763,11,'trống',147),(1764,12,'trống',147),(1765,1,'trống',148),(1766,2,'trống',148),(1767,3,'trống',148),(1768,4,'trống',148),(1769,5,'trống',148),(1770,6,'trống',148),(1771,7,'trống',148),(1772,8,'trống',148),(1773,9,'trống',148),(1774,10,'trống',148),(1775,11,'trống',148),(1776,12,'trống',148),(1777,1,'trống',149),(1778,2,'trống',149),(1779,3,'trống',149),(1780,4,'trống',149),(1781,5,'trống',149),(1782,6,'trống',149),(1783,7,'trống',149),(1784,8,'trống',149),(1785,9,'trống',149),(1786,10,'trống',149),(1787,11,'trống',149),(1788,12,'trống',149),(1789,1,'trống',150),(1790,2,'trống',150),(1791,3,'trống',150),(1792,4,'trống',150),(1793,5,'trống',150),(1794,6,'trống',150),(1795,7,'trống',150),(1796,8,'trống',150),(1797,9,'trống',150),(1798,10,'trống',150),(1799,11,'trống',150),(1800,12,'trống',150),(1801,1,'trống',151),(1802,2,'trống',151),(1803,3,'trống',151),(1804,4,'trống',151),(1805,5,'trống',151),(1806,6,'trống',151),(1807,7,'trống',151),(1808,8,'trống',151),(1809,9,'trống',151),(1810,10,'trống',151),(1811,11,'trống',151),(1812,12,'trống',151),(1813,1,'trống',152),(1814,2,'trống',152),(1815,3,'trống',152),(1816,4,'trống',152),(1817,5,'trống',152),(1818,6,'trống',152),(1819,7,'trống',152),(1820,8,'trống',152),(1821,9,'trống',152),(1822,10,'trống',152),(1823,11,'trống',152),(1824,12,'trống',152),(1825,1,'trống',153),(1826,2,'trống',153),(1827,3,'trống',153),(1828,4,'trống',153),(1829,5,'trống',153),(1830,6,'trống',153),(1831,7,'trống',153),(1832,8,'trống',153),(1833,9,'trống',153),(1834,10,'trống',153),(1835,11,'trống',153),(1836,12,'trống',153),(1837,1,'trống',154),(1838,2,'trống',154),(1839,3,'trống',154),(1840,4,'trống',154),(1841,5,'trống',154),(1842,6,'trống',154),(1843,7,'trống',154),(1844,8,'trống',154),(1845,9,'trống',154),(1846,10,'trống',154),(1847,11,'trống',154),(1848,12,'trống',154),(1849,1,'trống',155),(1850,2,'trống',155),(1851,3,'trống',155),(1852,4,'trống',155),(1853,5,'trống',155),(1854,6,'trống',155),(1855,7,'trống',155),(1856,8,'trống',155),(1857,9,'trống',155),(1858,10,'trống',155),(1859,11,'trống',155),(1860,12,'trống',155),(1861,1,'trống',156),(1862,2,'trống',156),(1863,3,'trống',156),(1864,4,'trống',156),(1865,5,'trống',156),(1866,6,'trống',156),(1867,7,'trống',156),(1868,8,'trống',156),(1869,9,'trống',156),(1870,10,'trống',156),(1871,11,'trống',156),(1872,12,'trống',156),(1873,1,'trống',157),(1874,2,'trống',157),(1875,3,'trống',157),(1876,4,'trống',157),(1877,5,'trống',157),(1878,6,'trống',157),(1879,7,'trống',157),(1880,8,'trống',157),(1881,9,'trống',157),(1882,10,'trống',157),(1883,11,'trống',157),(1884,12,'trống',157),(1885,1,'trống',158),(1886,2,'trống',158),(1887,3,'trống',158),(1888,4,'trống',158),(1889,5,'trống',158),(1890,6,'trống',158),(1891,7,'trống',158),(1892,8,'trống',158),(1893,9,'trống',158),(1894,10,'trống',158),(1895,11,'trống',158),(1896,12,'trống',158),(1897,1,'trống',159),(1898,2,'trống',159),(1899,3,'trống',159),(1900,4,'trống',159),(1901,5,'trống',159),(1902,6,'trống',159),(1903,7,'trống',159),(1904,8,'trống',159),(1905,9,'trống',159),(1906,10,'trống',159),(1907,11,'trống',159),(1908,12,'trống',159),(1909,1,'trống',160),(1910,2,'trống',160),(1911,3,'trống',160),(1912,4,'trống',160),(1913,5,'trống',160),(1914,6,'trống',160),(1915,7,'trống',160),(1916,8,'trống',160),(1917,9,'trống',160),(1918,10,'trống',160),(1919,11,'trống',160),(1920,12,'trống',160),(1921,1,'trống',161),(1922,2,'trống',161),(1923,3,'trống',161),(1924,4,'trống',161),(1925,5,'trống',161),(1926,6,'trống',161),(1927,7,'trống',161),(1928,8,'trống',161),(1929,9,'trống',161),(1930,10,'trống',161),(1931,11,'trống',161),(1932,12,'trống',161),(1933,1,'trống',162),(1934,2,'trống',162),(1935,3,'trống',162),(1936,4,'trống',162),(1937,5,'trống',162),(1938,6,'trống',162),(1939,7,'trống',162),(1940,8,'trống',162),(1941,9,'trống',162),(1942,10,'trống',162),(1943,11,'trống',162),(1944,12,'trống',162),(1945,1,'trống',163),(1946,2,'trống',163),(1947,3,'trống',163),(1948,4,'trống',163),(1949,5,'trống',163),(1950,6,'trống',163),(1951,7,'trống',163),(1952,8,'trống',163),(1953,9,'trống',163),(1954,10,'trống',163),(1955,11,'trống',163),(1956,12,'trống',163),(1957,1,'trống',164),(1958,2,'trống',164),(1959,3,'trống',164),(1960,4,'trống',164),(1961,5,'trống',164),(1962,6,'trống',164),(1963,7,'trống',164),(1964,8,'trống',164),(1965,9,'trống',164),(1966,10,'trống',164),(1967,11,'trống',164),(1968,12,'trống',164),(1969,1,'trống',165),(1970,2,'trống',165),(1971,3,'trống',165),(1972,4,'trống',165),(1973,5,'trống',165),(1974,6,'trống',165),(1975,7,'trống',165),(1976,8,'trống',165),(1977,9,'trống',165),(1978,10,'trống',165),(1979,11,'trống',165),(1980,12,'trống',165),(1981,1,'trống',166),(1982,2,'trống',166),(1983,3,'trống',166),(1984,4,'trống',166),(1985,5,'trống',166),(1986,6,'trống',166),(1987,7,'trống',166),(1988,8,'trống',166),(1989,9,'trống',166),(1990,10,'trống',166),(1991,11,'trống',166),(1992,12,'trống',166),(1993,1,'trống',167),(1994,2,'trống',167),(1995,3,'trống',167),(1996,4,'trống',167),(1997,5,'trống',167),(1998,6,'trống',167),(1999,7,'trống',167),(2000,8,'trống',167),(2001,9,'trống',167),(2002,10,'trống',167),(2003,11,'trống',167),(2004,12,'trống',167),(2005,1,'trống',168),(2006,2,'trống',168),(2007,3,'trống',168),(2008,4,'trống',168),(2009,5,'trống',168),(2010,6,'trống',168),(2011,7,'trống',168),(2012,8,'trống',168),(2013,9,'trống',168),(2014,10,'trống',168),(2015,11,'trống',168),(2016,12,'trống',168),(2017,1,'trống',169),(2018,2,'trống',169),(2019,3,'trống',169),(2020,4,'trống',169),(2021,5,'trống',169),(2022,6,'trống',169),(2023,7,'trống',169),(2024,8,'trống',169),(2025,9,'trống',169),(2026,10,'trống',169),(2027,11,'trống',169),(2028,12,'trống',169),(2029,1,'trống',170),(2030,2,'trống',170),(2031,3,'trống',170),(2032,4,'trống',170),(2033,5,'trống',170),(2034,6,'trống',170),(2035,7,'trống',170),(2036,8,'trống',170),(2037,9,'trống',170),(2038,10,'trống',170),(2039,11,'trống',170),(2040,12,'trống',170),(2041,1,'trống',171),(2042,2,'trống',171),(2043,3,'trống',171),(2044,4,'trống',171),(2045,5,'trống',171),(2046,6,'trống',171),(2047,7,'trống',171),(2048,8,'trống',171),(2049,9,'trống',171),(2050,10,'trống',171),(2051,11,'trống',171),(2052,12,'trống',171),(2053,1,'trống',172),(2054,2,'trống',172),(2055,3,'trống',172),(2056,4,'trống',172),(2057,5,'trống',172),(2058,6,'trống',172),(2059,7,'trống',172),(2060,8,'trống',172),(2061,9,'trống',172),(2062,10,'trống',172),(2063,11,'trống',172),(2064,12,'trống',172),(2065,1,'trống',173),(2066,2,'trống',173),(2067,3,'trống',173),(2068,4,'trống',173),(2069,5,'trống',173),(2070,6,'trống',173),(2071,7,'trống',173),(2072,8,'trống',173),(2073,9,'trống',173),(2074,10,'trống',173),(2075,11,'trống',173),(2076,12,'trống',173),(2077,1,'trống',174),(2078,2,'trống',174),(2079,3,'trống',174),(2080,4,'trống',174),(2081,5,'trống',174),(2082,6,'trống',174),(2083,7,'trống',174),(2084,8,'trống',174),(2085,9,'trống',174),(2086,10,'trống',174),(2087,11,'trống',174),(2088,12,'trống',174),(2089,1,'trống',175),(2090,2,'trống',175),(2091,3,'trống',175),(2092,4,'trống',175),(2093,5,'trống',175),(2094,6,'trống',175),(2095,7,'trống',175),(2096,8,'trống',175),(2097,9,'trống',175),(2098,10,'trống',175),(2099,11,'trống',175),(2100,12,'trống',175),(2101,1,'trống',176),(2102,2,'trống',176),(2103,3,'trống',176),(2104,4,'trống',176),(2105,5,'trống',176),(2106,6,'trống',176),(2107,7,'trống',176),(2108,8,'trống',176),(2109,9,'trống',176),(2110,10,'trống',176),(2111,11,'trống',176),(2112,12,'trống',176),(2113,1,'trống',177),(2114,2,'trống',177),(2115,3,'trống',177),(2116,4,'trống',177),(2117,5,'trống',177),(2118,6,'trống',177),(2119,7,'trống',177),(2120,8,'trống',177),(2121,9,'trống',177),(2122,10,'trống',177),(2123,11,'trống',177),(2124,12,'trống',177),(2125,1,'trống',178),(2126,2,'trống',178),(2127,3,'trống',178),(2128,4,'trống',178),(2129,5,'trống',178),(2130,6,'trống',178),(2131,7,'trống',178),(2132,8,'trống',178),(2133,9,'trống',178),(2134,10,'trống',178),(2135,11,'trống',178),(2136,12,'trống',178),(2137,1,'trống',179),(2138,2,'trống',179),(2139,3,'trống',179),(2140,4,'trống',179),(2141,5,'trống',179),(2142,6,'trống',179),(2143,7,'trống',179),(2144,8,'trống',179),(2145,9,'trống',179),(2146,10,'trống',179),(2147,11,'trống',179),(2148,12,'trống',179),(2149,1,'trống',180),(2150,2,'trống',180),(2151,3,'trống',180),(2152,4,'trống',180),(2153,5,'trống',180),(2154,6,'trống',180),(2155,7,'trống',180),(2156,8,'trống',180),(2157,9,'trống',180),(2158,10,'trống',180),(2159,11,'trống',180),(2160,12,'trống',180),(2161,1,'trống',181),(2162,2,'trống',181),(2163,3,'trống',181),(2164,4,'trống',181),(2165,5,'trống',181),(2166,6,'trống',181),(2167,7,'trống',181),(2168,8,'trống',181),(2169,9,'trống',181),(2170,10,'trống',181),(2171,11,'trống',181),(2172,12,'trống',181),(2173,1,'trống',182),(2174,2,'trống',182),(2175,3,'trống',182),(2176,4,'trống',182),(2177,5,'trống',182),(2178,6,'trống',182),(2179,7,'trống',182),(2180,8,'trống',182),(2181,9,'trống',182),(2182,10,'trống',182),(2183,11,'trống',182),(2184,12,'trống',182),(2185,1,'trống',183),(2186,2,'trống',183),(2187,3,'trống',183),(2188,4,'trống',183),(2189,5,'trống',183),(2190,6,'trống',183),(2191,7,'trống',183),(2192,8,'trống',183),(2193,9,'trống',183),(2194,10,'trống',183),(2195,11,'trống',183),(2196,12,'trống',183),(2197,1,'trống',184),(2198,2,'trống',184),(2199,3,'trống',184),(2200,4,'trống',184),(2201,5,'trống',184),(2202,6,'trống',184),(2203,7,'trống',184),(2204,8,'trống',184),(2205,9,'trống',184),(2206,10,'trống',184),(2207,11,'trống',184),(2208,12,'trống',184),(2209,1,'trống',185),(2210,2,'trống',185),(2211,3,'trống',185),(2212,4,'trống',185),(2213,5,'trống',185),(2214,6,'trống',185),(2215,7,'trống',185),(2216,8,'trống',185),(2217,9,'trống',185),(2218,10,'trống',185),(2219,11,'trống',185),(2220,12,'trống',185),(2221,1,'trống',186),(2222,2,'trống',186),(2223,3,'trống',186),(2224,4,'trống',186),(2225,5,'trống',186),(2226,6,'trống',186),(2227,7,'trống',186),(2228,8,'trống',186),(2229,9,'trống',186),(2230,10,'trống',186),(2231,11,'trống',186),(2232,12,'trống',186),(2233,1,'trống',187),(2234,2,'trống',187),(2235,3,'trống',187),(2236,4,'trống',187),(2237,5,'trống',187),(2238,6,'trống',187),(2239,7,'trống',187),(2240,8,'trống',187),(2241,9,'trống',187),(2242,10,'trống',187),(2243,11,'trống',187),(2244,12,'trống',187),(2245,1,'trống',188),(2246,2,'trống',188),(2247,3,'trống',188),(2248,4,'trống',188),(2249,5,'trống',188),(2250,6,'trống',188),(2251,7,'trống',188),(2252,8,'trống',188),(2253,9,'trống',188),(2254,10,'trống',188),(2255,11,'trống',188),(2256,12,'trống',188),(2257,1,'trống',189),(2258,2,'trống',189),(2259,3,'trống',189),(2260,4,'trống',189),(2261,5,'trống',189),(2262,6,'trống',189),(2263,7,'trống',189),(2264,8,'trống',189),(2265,9,'trống',189),(2266,10,'trống',189),(2267,11,'trống',189),(2268,12,'trống',189),(2269,1,'trống',190),(2270,2,'trống',190),(2271,3,'trống',190),(2272,4,'trống',190),(2273,5,'trống',190),(2274,6,'trống',190),(2275,7,'trống',190),(2276,8,'trống',190),(2277,9,'trống',190),(2278,10,'trống',190),(2279,11,'trống',190),(2280,12,'trống',190),(2281,1,'trống',191),(2282,2,'trống',191),(2283,3,'trống',191),(2284,4,'trống',191),(2285,5,'trống',191),(2286,6,'trống',191),(2287,7,'trống',191),(2288,8,'trống',191),(2289,9,'trống',191),(2290,10,'trống',191),(2291,11,'trống',191),(2292,12,'trống',191),(2293,1,'trống',192),(2294,2,'trống',192),(2295,3,'trống',192),(2296,4,'trống',192),(2297,5,'trống',192),(2298,6,'trống',192),(2299,7,'trống',192),(2300,8,'trống',192),(2301,9,'trống',192),(2302,10,'trống',192),(2303,11,'trống',192),(2304,12,'trống',192),(2305,1,'trống',193),(2306,2,'trống',193),(2307,3,'trống',193),(2308,4,'trống',193),(2309,5,'trống',193),(2310,6,'trống',193),(2311,7,'trống',193),(2312,8,'trống',193),(2313,9,'trống',193),(2314,10,'trống',193),(2315,11,'trống',193),(2316,12,'trống',193),(2317,1,'trống',194),(2318,2,'trống',194),(2319,3,'trống',194),(2320,4,'trống',194),(2321,5,'trống',194),(2322,6,'trống',194),(2323,7,'trống',194),(2324,8,'trống',194),(2325,9,'trống',194),(2326,10,'trống',194),(2327,11,'trống',194),(2328,12,'trống',194),(2329,1,'trống',195),(2330,2,'trống',195),(2331,3,'trống',195),(2332,4,'trống',195),(2333,5,'trống',195),(2334,6,'trống',195),(2335,7,'trống',195),(2336,8,'trống',195),(2337,9,'trống',195),(2338,10,'trống',195),(2339,11,'trống',195),(2340,12,'trống',195),(2341,1,'trống',196),(2342,2,'trống',196),(2343,3,'trống',196),(2344,4,'trống',196),(2345,5,'trống',196),(2346,6,'trống',196),(2347,7,'trống',196),(2348,8,'trống',196),(2349,9,'trống',196),(2350,10,'trống',196),(2351,11,'trống',196),(2352,12,'trống',196),(2353,1,'trống',197),(2354,2,'trống',197),(2355,3,'trống',197),(2356,4,'trống',197),(2357,5,'trống',197),(2358,6,'trống',197),(2359,7,'trống',197),(2360,8,'trống',197),(2361,9,'trống',197),(2362,10,'trống',197),(2363,11,'trống',197),(2364,12,'trống',197),(2365,1,'trống',198),(2366,2,'trống',198),(2367,3,'trống',198),(2368,4,'trống',198),(2369,5,'trống',198),(2370,6,'trống',198),(2371,7,'trống',198),(2372,8,'trống',198),(2373,9,'trống',198),(2374,10,'trống',198),(2375,11,'trống',198),(2376,12,'trống',198),(2377,1,'trống',199),(2378,2,'trống',199),(2379,3,'trống',199),(2380,4,'trống',199),(2381,5,'trống',199),(2382,6,'trống',199),(2383,7,'trống',199),(2384,8,'trống',199),(2385,9,'trống',199),(2386,10,'trống',199),(2387,11,'trống',199),(2388,12,'trống',199),(2389,1,'trống',200),(2390,2,'trống',200),(2391,3,'trống',200),(2392,4,'trống',200),(2393,5,'trống',200),(2394,6,'trống',200),(2395,7,'trống',200),(2396,8,'trống',200),(2397,9,'trống',200),(2398,10,'trống',200),(2399,11,'trống',200),(2400,12,'trống',200),(2401,1,'trống',201),(2402,2,'trống',201),(2403,3,'trống',201),(2404,4,'trống',201),(2405,5,'trống',201),(2406,6,'trống',201),(2407,7,'trống',201),(2408,8,'trống',201),(2409,9,'trống',201),(2410,10,'trống',201),(2411,11,'trống',201),(2412,12,'trống',201),(2413,1,'trống',202),(2414,2,'trống',202),(2415,3,'trống',202),(2416,4,'trống',202),(2417,5,'trống',202),(2418,6,'trống',202),(2419,7,'trống',202),(2420,8,'trống',202),(2421,9,'trống',202),(2422,10,'trống',202),(2423,11,'trống',202),(2424,12,'trống',202),(2425,1,'trống',203),(2426,2,'trống',203),(2427,3,'trống',203),(2428,4,'trống',203),(2429,5,'trống',203),(2430,6,'trống',203),(2431,7,'trống',203),(2432,8,'trống',203),(2433,9,'trống',203),(2434,10,'trống',203),(2435,11,'trống',203),(2436,12,'trống',203),(2437,1,'trống',204),(2438,2,'trống',204),(2439,3,'trống',204),(2440,4,'trống',204),(2441,5,'trống',204),(2442,6,'trống',204),(2443,7,'trống',204),(2444,8,'trống',204),(2445,9,'trống',204),(2446,10,'trống',204),(2447,11,'trống',204),(2448,12,'trống',204),(2449,1,'trống',205),(2450,2,'trống',205),(2451,3,'trống',205),(2452,4,'trống',205),(2453,5,'trống',205),(2454,6,'trống',205),(2455,7,'trống',205),(2456,8,'trống',205),(2457,9,'trống',205),(2458,10,'trống',205),(2459,11,'trống',205),(2460,12,'trống',205),(2461,1,'trống',206),(2462,2,'trống',206),(2463,3,'trống',206),(2464,4,'trống',206),(2465,5,'trống',206),(2466,6,'trống',206),(2467,7,'trống',206),(2468,8,'trống',206),(2469,9,'trống',206),(2470,10,'trống',206),(2471,11,'trống',206),(2472,12,'trống',206),(2473,1,'trống',207),(2474,2,'trống',207),(2475,3,'trống',207),(2476,4,'trống',207),(2477,5,'trống',207),(2478,6,'trống',207),(2479,7,'trống',207),(2480,8,'trống',207),(2481,9,'trống',207),(2482,10,'trống',207),(2483,11,'trống',207),(2484,12,'trống',207),(2485,1,'trống',208),(2486,2,'trống',208),(2487,3,'trống',208),(2488,4,'trống',208),(2489,5,'trống',208),(2490,6,'trống',208),(2491,7,'trống',208),(2492,8,'trống',208),(2493,9,'trống',208),(2494,10,'trống',208),(2495,11,'trống',208),(2496,12,'trống',208),(2497,1,'trống',209),(2498,2,'trống',209),(2499,3,'trống',209),(2500,4,'trống',209),(2501,5,'trống',209),(2502,6,'trống',209),(2503,7,'trống',209),(2504,8,'trống',209),(2505,9,'trống',209),(2506,10,'trống',209),(2507,11,'trống',209),(2508,12,'trống',209),(2509,1,'trống',210),(2510,2,'trống',210),(2511,3,'trống',210),(2512,4,'trống',210),(2513,5,'trống',210),(2514,6,'trống',210),(2515,7,'trống',210),(2516,8,'trống',210),(2517,9,'trống',210),(2518,10,'trống',210),(2519,11,'trống',210),(2520,12,'trống',210),(2521,1,'trống',211),(2522,2,'trống',211),(2523,3,'trống',211),(2524,4,'trống',211),(2525,5,'trống',211),(2526,6,'trống',211),(2527,7,'trống',211),(2528,8,'trống',211),(2529,9,'trống',211),(2530,10,'trống',211),(2531,11,'trống',211),(2532,12,'trống',211),(2533,1,'trống',212),(2534,2,'trống',212),(2535,3,'trống',212),(2536,4,'trống',212),(2537,5,'trống',212),(2538,6,'trống',212),(2539,7,'trống',212),(2540,8,'trống',212),(2541,9,'trống',212),(2542,10,'trống',212),(2543,11,'trống',212),(2544,12,'trống',212),(2545,1,'trống',213),(2546,2,'trống',213),(2547,3,'trống',213),(2548,4,'trống',213),(2549,5,'trống',213),(2550,6,'trống',213),(2551,7,'trống',213),(2552,8,'trống',213),(2553,9,'trống',213),(2554,10,'trống',213),(2555,11,'trống',213),(2556,12,'trống',213),(2557,1,'trống',214),(2558,2,'trống',214),(2559,3,'trống',214),(2560,4,'trống',214),(2561,5,'trống',214),(2562,6,'trống',214),(2563,7,'trống',214),(2564,8,'trống',214),(2565,9,'trống',214),(2566,10,'trống',214),(2567,11,'trống',214),(2568,12,'trống',214),(2569,1,'trống',215),(2570,2,'trống',215),(2571,3,'trống',215),(2572,4,'trống',215),(2573,5,'trống',215),(2574,6,'trống',215),(2575,7,'trống',215),(2576,8,'trống',215),(2577,9,'trống',215),(2578,10,'trống',215),(2579,11,'trống',215),(2580,12,'trống',215),(2581,1,'trống',216),(2582,2,'trống',216),(2583,3,'trống',216),(2584,4,'trống',216),(2585,5,'trống',216),(2586,6,'trống',216),(2587,7,'trống',216),(2588,8,'trống',216),(2589,9,'trống',216),(2590,10,'trống',216),(2591,11,'trống',216),(2592,12,'trống',216),(2593,1,'trống',217),(2594,2,'trống',217),(2595,3,'trống',217),(2596,4,'trống',217),(2597,5,'trống',217),(2598,6,'trống',217),(2599,7,'trống',217),(2600,8,'trống',217),(2601,9,'trống',217),(2602,10,'trống',217),(2603,11,'trống',217),(2604,12,'trống',217),(2605,1,'trống',218),(2606,2,'trống',218),(2607,3,'trống',218),(2608,4,'trống',218),(2609,5,'trống',218),(2610,6,'trống',218),(2611,7,'trống',218),(2612,8,'trống',218),(2613,9,'trống',218),(2614,10,'trống',218),(2615,11,'trống',218),(2616,12,'trống',218),(2617,1,'trống',219),(2618,2,'trống',219),(2619,3,'trống',219),(2620,4,'trống',219),(2621,5,'trống',219),(2622,6,'trống',219),(2623,7,'trống',219),(2624,8,'trống',219),(2625,9,'trống',219),(2626,10,'trống',219),(2627,11,'trống',219),(2628,12,'trống',219),(2629,1,'trống',220),(2630,2,'trống',220),(2631,3,'trống',220),(2632,4,'trống',220),(2633,5,'trống',220),(2634,6,'trống',220),(2635,7,'trống',220),(2636,8,'trống',220),(2637,9,'trống',220),(2638,10,'trống',220),(2639,11,'trống',220),(2640,12,'trống',220),(2641,1,'trống',221),(2642,2,'trống',221),(2643,3,'trống',221),(2644,4,'trống',221),(2645,5,'trống',221),(2646,6,'trống',221),(2647,7,'trống',221),(2648,8,'trống',221),(2649,9,'trống',221),(2650,10,'trống',221),(2651,11,'trống',221),(2652,12,'trống',221),(2653,1,'trống',222),(2654,2,'trống',222),(2655,3,'trống',222),(2656,4,'trống',222),(2657,5,'trống',222),(2658,6,'trống',222),(2659,7,'trống',222),(2660,8,'trống',222),(2661,9,'trống',222),(2662,10,'trống',222),(2663,11,'trống',222),(2664,12,'trống',222),(2665,1,'trống',223),(2666,2,'trống',223),(2667,3,'trống',223),(2668,4,'trống',223),(2669,5,'trống',223),(2670,6,'trống',223),(2671,7,'trống',223),(2672,8,'trống',223),(2673,9,'trống',223),(2674,10,'trống',223),(2675,11,'trống',223),(2676,12,'trống',223),(2677,1,'trống',224),(2678,2,'trống',224),(2679,3,'trống',224),(2680,4,'trống',224),(2681,5,'trống',224),(2682,6,'trống',224),(2683,7,'trống',224),(2684,8,'trống',224),(2685,9,'trống',224),(2686,10,'trống',224),(2687,11,'trống',224),(2688,12,'trống',224),(2689,1,'trống',225),(2690,2,'trống',225),(2691,3,'trống',225),(2692,4,'trống',225),(2693,5,'trống',225),(2694,6,'trống',225),(2695,7,'trống',225),(2696,8,'trống',225),(2697,9,'trống',225),(2698,10,'trống',225),(2699,11,'trống',225),(2700,12,'trống',225),(2701,1,'trống',226),(2702,2,'trống',226),(2703,3,'trống',226),(2704,4,'trống',226),(2705,5,'trống',226),(2706,6,'trống',226),(2707,7,'trống',226),(2708,8,'trống',226),(2709,9,'trống',226),(2710,10,'trống',226),(2711,11,'trống',226),(2712,12,'trống',226),(2713,1,'trống',227),(2714,2,'trống',227),(2715,3,'trống',227),(2716,4,'trống',227),(2717,5,'trống',227),(2718,6,'trống',227),(2719,7,'trống',227),(2720,8,'trống',227),(2721,9,'trống',227),(2722,10,'trống',227),(2723,11,'trống',227),(2724,12,'trống',227),(2725,1,'trống',228),(2726,2,'trống',228),(2727,3,'trống',228),(2728,4,'trống',228),(2729,5,'trống',228),(2730,6,'trống',228),(2731,7,'trống',228),(2732,8,'trống',228),(2733,9,'trống',228),(2734,10,'trống',228),(2735,11,'trống',228),(2736,12,'trống',228),(2737,1,'trống',229),(2738,2,'trống',229),(2739,3,'trống',229),(2740,4,'trống',229),(2741,5,'trống',229),(2742,6,'trống',229),(2743,7,'trống',229),(2744,8,'trống',229),(2745,9,'trống',229),(2746,10,'trống',229),(2747,11,'trống',229),(2748,12,'trống',229),(2749,1,'trống',230),(2750,2,'trống',230),(2751,3,'trống',230),(2752,4,'trống',230),(2753,5,'trống',230),(2754,6,'trống',230),(2755,7,'trống',230),(2756,8,'trống',230),(2757,9,'trống',230),(2758,10,'trống',230),(2759,11,'trống',230),(2760,12,'trống',230),(2761,1,'trống',231),(2762,2,'trống',231),(2763,3,'trống',231),(2764,4,'trống',231),(2765,5,'trống',231),(2766,6,'trống',231),(2767,7,'trống',231),(2768,8,'trống',231),(2769,9,'trống',231),(2770,10,'trống',231),(2771,11,'trống',231),(2772,12,'trống',231),(2773,1,'trống',232),(2774,2,'trống',232),(2775,3,'trống',232),(2776,4,'trống',232),(2777,5,'trống',232),(2778,6,'trống',232),(2779,7,'trống',232),(2780,8,'trống',232),(2781,9,'trống',232),(2782,10,'trống',232),(2783,11,'trống',232),(2784,12,'trống',232),(2785,1,'trống',233),(2786,2,'trống',233),(2787,3,'trống',233),(2788,4,'trống',233),(2789,5,'trống',233),(2790,6,'trống',233),(2791,7,'trống',233),(2792,8,'trống',233),(2793,9,'trống',233),(2794,10,'trống',233),(2795,11,'trống',233),(2796,12,'trống',233),(2797,1,'trống',234),(2798,2,'trống',234),(2799,3,'trống',234),(2800,4,'trống',234),(2801,5,'trống',234),(2802,6,'trống',234),(2803,7,'trống',234),(2804,8,'trống',234),(2805,9,'trống',234),(2806,10,'trống',234),(2807,11,'trống',234),(2808,12,'trống',234),(2809,1,'trống',235),(2810,2,'trống',235),(2811,3,'trống',235),(2812,4,'trống',235),(2813,5,'trống',235),(2814,6,'trống',235),(2815,7,'trống',235),(2816,8,'trống',235),(2817,9,'trống',235),(2818,10,'trống',235),(2819,11,'trống',235),(2820,12,'trống',235),(2821,1,'trống',236),(2822,2,'trống',236),(2823,3,'trống',236),(2824,4,'trống',236),(2825,5,'trống',236),(2826,6,'trống',236),(2827,7,'trống',236),(2828,8,'trống',236),(2829,9,'trống',236),(2830,10,'trống',236),(2831,11,'trống',236),(2832,12,'trống',236),(2833,1,'trống',237),(2834,2,'trống',237),(2835,3,'trống',237),(2836,4,'trống',237),(2837,5,'trống',237),(2838,6,'trống',237),(2839,7,'trống',237),(2840,8,'trống',237),(2841,9,'trống',237),(2842,10,'trống',237),(2843,11,'trống',237),(2844,12,'trống',237),(2845,1,'trống',238),(2846,2,'trống',238),(2847,3,'trống',238),(2848,4,'trống',238),(2849,5,'trống',238),(2850,6,'trống',238),(2851,7,'trống',238),(2852,8,'trống',238),(2853,9,'trống',238),(2854,10,'trống',238),(2855,11,'trống',238),(2856,12,'trống',238),(2857,1,'trống',239),(2858,2,'trống',239),(2859,3,'trống',239),(2860,4,'trống',239),(2861,5,'trống',239),(2862,6,'trống',239),(2863,7,'trống',239),(2864,8,'trống',239),(2865,9,'trống',239),(2866,10,'trống',239),(2867,11,'trống',239),(2868,12,'trống',239),(2869,1,'trống',240),(2870,2,'trống',240),(2871,3,'trống',240),(2872,4,'trống',240),(2873,5,'trống',240),(2874,6,'trống',240),(2875,7,'trống',240),(2876,8,'trống',240),(2877,9,'trống',240),(2878,10,'trống',240),(2879,11,'trống',240),(2880,12,'trống',240),(2881,1,'trống',241),(2882,2,'trống',241),(2883,3,'trống',241),(2884,4,'trống',241),(2885,5,'trống',241),(2886,6,'trống',241),(2887,7,'trống',241),(2888,8,'trống',241),(2889,9,'trống',241),(2890,10,'trống',241),(2891,11,'trống',241),(2892,12,'trống',241),(2893,1,'trống',242),(2894,2,'trống',242),(2895,3,'trống',242),(2896,4,'trống',242),(2897,5,'trống',242),(2898,6,'trống',242),(2899,7,'trống',242),(2900,8,'trống',242),(2901,9,'trống',242),(2902,10,'trống',242),(2903,11,'trống',242),(2904,12,'trống',242),(2905,1,'trống',243),(2906,2,'trống',243),(2907,3,'trống',243),(2908,4,'trống',243),(2909,5,'trống',243),(2910,6,'trống',243),(2911,7,'trống',243),(2912,8,'trống',243),(2913,9,'trống',243),(2914,10,'trống',243),(2915,11,'trống',243),(2916,12,'trống',243),(2917,1,'trống',244),(2918,2,'trống',244),(2919,3,'trống',244),(2920,4,'trống',244),(2921,5,'trống',244),(2922,6,'trống',244),(2923,7,'trống',244),(2924,8,'trống',244),(2925,9,'trống',244),(2926,10,'trống',244),(2927,11,'trống',244),(2928,12,'trống',244),(2929,1,'trống',245),(2930,2,'trống',245),(2931,3,'trống',245),(2932,4,'trống',245),(2933,5,'trống',245),(2934,6,'trống',245),(2935,7,'trống',245),(2936,8,'trống',245),(2937,9,'trống',245),(2938,10,'trống',245),(2939,11,'trống',245),(2940,12,'trống',245),(2941,1,'trống',246),(2942,2,'trống',246),(2943,3,'trống',246),(2944,4,'trống',246),(2945,5,'trống',246),(2946,6,'trống',246),(2947,7,'trống',246),(2948,8,'trống',246),(2949,9,'trống',246),(2950,10,'trống',246),(2951,11,'trống',246),(2952,12,'trống',246),(2953,1,'trống',247),(2954,2,'trống',247),(2955,3,'trống',247),(2956,4,'trống',247),(2957,5,'trống',247),(2958,6,'trống',247),(2959,7,'trống',247),(2960,8,'trống',247),(2961,9,'trống',247),(2962,10,'trống',247),(2963,11,'trống',247),(2964,12,'trống',247),(2965,1,'trống',248),(2966,2,'trống',248),(2967,3,'trống',248),(2968,4,'trống',248),(2969,5,'trống',248),(2970,6,'trống',248),(2971,7,'trống',248),(2972,8,'trống',248),(2973,9,'trống',248),(2974,10,'trống',248),(2975,11,'trống',248),(2976,12,'trống',248),(2977,1,'trống',249),(2978,2,'trống',249),(2979,3,'trống',249),(2980,4,'trống',249),(2981,5,'trống',249),(2982,6,'trống',249),(2983,7,'trống',249),(2984,8,'trống',249),(2985,9,'trống',249),(2986,10,'trống',249),(2987,11,'trống',249),(2988,12,'trống',249),(2989,1,'trống',250),(2990,2,'trống',250),(2991,3,'trống',250),(2992,4,'trống',250),(2993,5,'trống',250),(2994,6,'trống',250),(2995,7,'trống',250),(2996,8,'trống',250),(2997,9,'trống',250),(2998,10,'trống',250),(2999,11,'trống',250),(3000,12,'trống',250),(3001,1,'trống',251),(3002,2,'trống',251),(3003,3,'trống',251),(3004,4,'trống',251),(3005,5,'trống',251),(3006,6,'trống',251),(3007,7,'trống',251),(3008,8,'trống',251),(3009,9,'trống',251),(3010,10,'trống',251),(3011,11,'trống',251),(3012,12,'trống',251),(3013,1,'trống',252),(3014,2,'trống',252),(3015,3,'trống',252),(3016,4,'trống',252),(3017,5,'trống',252),(3018,6,'trống',252),(3019,7,'trống',252),(3020,8,'trống',252),(3021,9,'trống',252),(3022,10,'trống',252),(3023,11,'trống',252),(3024,12,'trống',252),(3025,1,'trống',253),(3026,2,'trống',253),(3027,3,'trống',253),(3028,4,'trống',253),(3029,5,'trống',253),(3030,6,'trống',253),(3031,7,'trống',253),(3032,8,'trống',253),(3033,9,'trống',253),(3034,10,'trống',253),(3035,11,'trống',253),(3036,12,'trống',253),(3037,1,'trống',254),(3038,2,'trống',254),(3039,3,'trống',254),(3040,4,'trống',254),(3041,5,'trống',254),(3042,6,'trống',254),(3043,7,'trống',254),(3044,8,'trống',254),(3045,9,'trống',254),(3046,10,'trống',254),(3047,11,'trống',254),(3048,12,'trống',254),(3049,1,'trống',255),(3050,2,'trống',255),(3051,3,'trống',255),(3052,4,'trống',255),(3053,5,'trống',255),(3054,6,'trống',255),(3055,7,'trống',255),(3056,8,'trống',255),(3057,9,'trống',255),(3058,10,'trống',255),(3059,11,'trống',255),(3060,12,'trống',255),(3061,1,'trống',256),(3062,2,'trống',256),(3063,3,'trống',256),(3064,4,'trống',256),(3065,5,'trống',256),(3066,6,'trống',256),(3067,7,'trống',256),(3068,8,'trống',256),(3069,9,'trống',256),(3070,10,'trống',256),(3071,11,'trống',256),(3072,12,'trống',256),(3073,1,'trống',257),(3074,2,'trống',257),(3075,3,'trống',257),(3076,4,'trống',257),(3077,5,'trống',257),(3078,6,'trống',257),(3079,7,'trống',257),(3080,8,'trống',257),(3081,9,'trống',257),(3082,10,'trống',257),(3083,11,'trống',257),(3084,12,'trống',257),(3085,1,'trống',258),(3086,2,'trống',258),(3087,3,'trống',258),(3088,4,'trống',258),(3089,5,'trống',258),(3090,6,'trống',258),(3091,7,'trống',258),(3092,8,'trống',258),(3093,9,'trống',258),(3094,10,'trống',258),(3095,11,'trống',258),(3096,12,'trống',258),(3097,1,'trống',259),(3098,2,'trống',259),(3099,3,'trống',259),(3100,4,'trống',259),(3101,5,'trống',259),(3102,6,'trống',259),(3103,7,'trống',259),(3104,8,'trống',259),(3105,9,'trống',259),(3106,10,'trống',259),(3107,11,'trống',259),(3108,12,'trống',259),(3109,1,'trống',260),(3110,2,'trống',260),(3111,3,'trống',260),(3112,4,'trống',260),(3113,5,'trống',260),(3114,6,'trống',260),(3115,7,'trống',260),(3116,8,'trống',260),(3117,9,'trống',260),(3118,10,'trống',260),(3119,11,'trống',260),(3120,12,'trống',260),(3121,1,'trống',261),(3122,2,'trống',261),(3123,3,'trống',261),(3124,4,'trống',261),(3125,5,'trống',261),(3126,6,'trống',261),(3127,7,'trống',261),(3128,8,'trống',261),(3129,9,'trống',261),(3130,10,'trống',261),(3131,11,'trống',261),(3132,12,'trống',261),(3133,1,'trống',262),(3134,2,'trống',262),(3135,3,'trống',262),(3136,4,'trống',262),(3137,5,'trống',262),(3138,6,'trống',262),(3139,7,'trống',262),(3140,8,'trống',262),(3141,9,'trống',262),(3142,10,'trống',262),(3143,11,'trống',262),(3144,12,'trống',262),(3145,1,'trống',263),(3146,2,'trống',263),(3147,3,'trống',263),(3148,4,'trống',263),(3149,5,'trống',263),(3150,6,'trống',263),(3151,7,'trống',263),(3152,8,'trống',263),(3153,9,'trống',263),(3154,10,'trống',263),(3155,11,'trống',263),(3156,12,'trống',263),(3157,1,'trống',264),(3158,2,'trống',264),(3159,3,'trống',264),(3160,4,'trống',264),(3161,5,'trống',264),(3162,6,'trống',264),(3163,7,'trống',264),(3164,8,'trống',264),(3165,9,'trống',264),(3166,10,'trống',264),(3167,11,'trống',264),(3168,12,'trống',264),(3169,1,'trống',265),(3170,2,'trống',265),(3171,3,'trống',265),(3172,4,'trống',265),(3173,5,'trống',265),(3174,6,'trống',265),(3175,7,'trống',265),(3176,8,'trống',265),(3177,9,'trống',265),(3178,10,'trống',265),(3179,11,'trống',265),(3180,12,'trống',265),(3181,1,'trống',266),(3182,2,'trống',266),(3183,3,'trống',266),(3184,4,'trống',266),(3185,5,'trống',266),(3186,6,'trống',266),(3187,7,'trống',266),(3188,8,'trống',266),(3189,9,'trống',266),(3190,10,'trống',266),(3191,11,'trống',266),(3192,12,'trống',266),(3193,1,'trống',267),(3194,2,'trống',267),(3195,3,'trống',267),(3196,4,'trống',267),(3197,5,'trống',267),(3198,6,'trống',267),(3199,7,'trống',267),(3200,8,'trống',267),(3201,9,'trống',267),(3202,10,'trống',267),(3203,11,'trống',267),(3204,12,'trống',267),(3205,1,'trống',268),(3206,2,'trống',268),(3207,3,'trống',268),(3208,4,'trống',268),(3209,5,'trống',268),(3210,6,'trống',268),(3211,7,'trống',268),(3212,8,'trống',268),(3213,9,'trống',268),(3214,10,'trống',268),(3215,11,'trống',268),(3216,12,'trống',268),(3217,1,'trống',269),(3218,2,'trống',269),(3219,3,'trống',269),(3220,4,'trống',269),(3221,5,'trống',269),(3222,6,'trống',269),(3223,7,'trống',269),(3224,8,'trống',269),(3225,9,'trống',269),(3226,10,'trống',269),(3227,11,'trống',269),(3228,12,'trống',269),(3229,1,'trống',270),(3230,2,'trống',270),(3231,3,'trống',270),(3232,4,'trống',270),(3233,5,'trống',270),(3234,6,'trống',270),(3235,7,'trống',270),(3236,8,'trống',270),(3237,9,'trống',270),(3238,10,'trống',270),(3239,11,'trống',270),(3240,12,'trống',270),(3241,1,'trống',271),(3242,2,'trống',271),(3243,3,'trống',271),(3244,4,'trống',271),(3245,5,'trống',271),(3246,6,'trống',271),(3247,7,'trống',271),(3248,8,'trống',271),(3249,9,'trống',271),(3250,10,'trống',271),(3251,11,'trống',271),(3252,12,'trống',271),(3253,1,'trống',272),(3254,2,'trống',272),(3255,3,'trống',272),(3256,4,'trống',272),(3257,5,'trống',272),(3258,6,'trống',272),(3259,7,'trống',272),(3260,8,'trống',272),(3261,9,'trống',272),(3262,10,'trống',272),(3263,11,'trống',272),(3264,12,'trống',272),(3265,1,'trống',273),(3266,2,'trống',273),(3267,3,'trống',273),(3268,4,'trống',273),(3269,5,'trống',273),(3270,6,'trống',273),(3271,7,'trống',273),(3272,8,'trống',273),(3273,9,'trống',273),(3274,10,'trống',273),(3275,11,'trống',273),(3276,12,'trống',273),(3277,1,'trống',274),(3278,2,'trống',274),(3279,3,'trống',274),(3280,4,'trống',274),(3281,5,'trống',274),(3282,6,'trống',274),(3283,7,'trống',274),(3284,8,'trống',274),(3285,9,'trống',274),(3286,10,'trống',274),(3287,11,'trống',274),(3288,12,'trống',274),(3289,1,'trống',275),(3290,2,'trống',275),(3291,3,'trống',275),(3292,4,'trống',275),(3293,5,'trống',275),(3294,6,'trống',275),(3295,7,'trống',275),(3296,8,'trống',275),(3297,9,'trống',275),(3298,10,'trống',275),(3299,11,'trống',275),(3300,12,'trống',275),(3301,1,'trống',276),(3302,2,'trống',276),(3303,3,'trống',276),(3304,4,'trống',276),(3305,5,'trống',276),(3306,6,'trống',276),(3307,7,'trống',276),(3308,8,'trống',276),(3309,9,'trống',276),(3310,10,'trống',276),(3311,11,'trống',276),(3312,12,'trống',276),(3313,1,'trống',277),(3314,2,'trống',277),(3315,3,'trống',277),(3316,4,'trống',277),(3317,5,'trống',277),(3318,6,'trống',277),(3319,7,'trống',277),(3320,8,'trống',277),(3321,9,'trống',277),(3322,10,'trống',277),(3323,11,'trống',277),(3324,12,'trống',277),(3325,1,'trống',278),(3326,2,'trống',278),(3327,3,'trống',278),(3328,4,'trống',278),(3329,5,'trống',278),(3330,6,'trống',278),(3331,7,'trống',278),(3332,8,'trống',278),(3333,9,'trống',278),(3334,10,'trống',278),(3335,11,'trống',278),(3336,12,'trống',278),(3337,1,'trống',279),(3338,2,'trống',279),(3339,3,'trống',279),(3340,4,'trống',279),(3341,5,'trống',279),(3342,6,'trống',279),(3343,7,'trống',279),(3344,8,'trống',279),(3345,9,'trống',279),(3346,10,'trống',279),(3347,11,'trống',279),(3348,12,'trống',279),(3349,1,'trống',280),(3350,2,'trống',280),(3351,3,'trống',280),(3352,4,'trống',280),(3353,5,'trống',280),(3354,6,'trống',280),(3355,7,'trống',280),(3356,8,'trống',280),(3357,9,'trống',280),(3358,10,'trống',280),(3359,11,'trống',280),(3360,12,'trống',280);
/*!40000 ALTER TABLE `ghe` ENABLE KEYS */;
UNLOCK TABLES;

--
-- Table structure for table `hangghe`
--

DROP TABLE IF EXISTS `hangghe`;
/*!40101 SET @saved_cs_client     = @@character_set_client */;
 SET character_set_client = utf8mb4 ;
CREATE TABLE `hangghe` (
  `id` bigint(20) NOT NULL AUTO_INCREMENT,
  `tenhangghe` varchar(50) NOT NULL,
  `idphong` bigint(20) DEFAULT NULL,
  PRIMARY KEY (`id`),
  KEY `FK57mqnt4a7dpqq6c389mjiq9au` (`idphong`),
  CONSTRAINT `FK57mqnt4a7dpqq6c389mjiq9au` FOREIGN KEY (`idphong`) REFERENCES `phongchieu` (`id`)
) ENGINE=InnoDB AUTO_INCREMENT=281 DEFAULT CHARSET=utf8mb4 COLLATE=utf8mb4_0900_ai_ci;
/*!40101 SET character_set_client = @saved_cs_client */;

--
-- Dumping data for table `hangghe`
--

LOCK TABLES `hangghe` WRITE;
/*!40000 ALTER TABLE `hangghe` DISABLE KEYS */;
INSERT INTO `hangghe` VALUES (1,'h1',1),(2,'h2',1),(3,'h3',1),(4,'h4',1),(5,'h5',1),(6,'h1',2),(7,'h2',2),(8,'h3',2),(9,'h4',2),(10,'h5',2),(11,'h1',3),(12,'h2',3),(13,'h3',3),(14,'h4',3),(15,'h5',3),(16,'h1',4),(17,'h2',4),(18,'h3',4),(19,'h4',4),(20,'h5',4),(21,'h1',5),(22,'h2',5),(23,'h3',5),(24,'h4',5),(25,'h5',5),(26,'h1',6),(27,'h2',6),(28,'h3',6),(29,'h4',6),(30,'h5',6),(31,'h1',7),(32,'h2',7),(33,'h3',7),(34,'h4',7),(35,'h5',7),(36,'h1',8),(37,'h2',8),(38,'h3',8),(39,'h4',8),(40,'h5',8),(41,'h1',9),(42,'h2',9),(43,'h3',9),(44,'h4',9),(45,'h5',9),(46,'h1',10),(47,'h2',10),(48,'h3',10),(49,'h4',10),(50,'h5',10),(51,'h1',11),(52,'h2',11),(53,'h3',11),(54,'h4',11),(55,'h5',11),(56,'h1',12),(57,'h2',12),(58,'h3',12),(59,'h4',12),(60,'h5',12),(61,'h1',13),(62,'h2',13),(63,'h3',13),(64,'h4',13),(65,'h5',13),(66,'h1',14),(67,'h2',14),(68,'h3',14),(69,'h4',14),(70,'h5',14),(71,'h1',15),(72,'h2',15),(73,'h3',15),(74,'h4',15),(75,'h5',15),(76,'h1',16),(77,'h2',16),(78,'h3',16),(79,'h4',16),(80,'h5',16),(81,'h1',17),(82,'h2',17),(83,'h3',17),(84,'h4',17),(85,'h5',17),(86,'h1',18),(87,'h2',18),(88,'h3',18),(89,'h4',18),(90,'h5',18),(91,'h1',19),(92,'h2',19),(93,'h3',19),(94,'h4',19),(95,'h5',19),(96,'h1',20),(97,'h2',20),(98,'h3',20),(99,'h4',20),(100,'h5',20),(101,'h1',21),(102,'h2',21),(103,'h3',21),(104,'h4',21),(105,'h5',21),(106,'h1',22),(107,'h2',22),(108,'h3',22),(109,'h4',22),(110,'h5',22),(111,'h1',23),(112,'h2',23),(113,'h3',23),(114,'h4',23),(115,'h5',23),(116,'h1',24),(117,'h2',24),(118,'h3',24),(119,'h4',24),(120,'h5',24),(121,'h1',25),(122,'h2',25),(123,'h3',25),(124,'h4',25),(125,'h5',25),(126,'h1',26),(127,'h2',26),(128,'h3',26),(129,'h4',26),(130,'h5',26),(131,'h1',27),(132,'h2',27),(133,'h3',27),(134,'h4',27),(135,'h5',27),(136,'h1',28),(137,'h2',28),(138,'h3',28),(139,'h4',28),(140,'h5',28),(141,'h1',29),(142,'h2',29),(143,'h3',29),(144,'h4',29),(145,'h5',29),(146,'h1',30),(147,'h2',30),(148,'h3',30),(149,'h4',30),(150,'h5',30),(151,'h1',31),(152,'h2',31),(153,'h3',31),(154,'h4',31),(155,'h5',31),(156,'h1',32),(157,'h2',32),(158,'h3',32),(159,'h4',32),(160,'h5',32),(161,'h1',33),(162,'h2',33),(163,'h3',33),(164,'h4',33),(165,'h5',33),(166,'h1',34),(167,'h2',34),(168,'h3',34),(169,'h4',34),(170,'h5',34),(171,'h1',35),(172,'h2',35),(173,'h3',35),(174,'h4',35),(175,'h5',35),(176,'h1',36),(177,'h2',36),(178,'h3',36),(179,'h4',36),(180,'h5',36),(181,'h1',37),(182,'h2',37),(183,'h3',37),(184,'h4',37),(185,'h5',37),(186,'h1',38),(187,'h2',38),(188,'h3',38),(189,'h4',38),(190,'h5',38),(191,'h1',39),(192,'h2',39),(193,'h3',39),(194,'h4',39),(195,'h5',39),(196,'h1',40),(197,'h2',40),(198,'h3',40),(199,'h4',40),(200,'h5',40),(201,'h1',41),(202,'h2',41),(203,'h3',41),(204,'h4',41),(205,'h5',41),(206,'h1',42),(207,'h2',42),(208,'h3',42),(209,'h4',42),(210,'h5',42),(211,'h1',43),(212,'h2',43),(213,'h3',43),(214,'h4',43),(215,'h5',43),(216,'h1',44),(217,'h2',44),(218,'h3',44),(219,'h4',44),(220,'h5',44),(221,'h1',45),(222,'h2',45),(223,'h3',45),(224,'h4',45),(225,'h5',45),(226,'h1',46),(227,'h2',46),(228,'h3',46),(229,'h4',46),(230,'h5',46),(231,'h1',47),(232,'h2',47),(233,'h3',47),(234,'h4',47),(235,'h5',47),(236,'h1',48),(237,'h2',48),(238,'h3',48),(239,'h4',48),(240,'h5',48),(241,'h1',49),(242,'h2',49),(243,'h3',49),(244,'h4',49),(245,'h5',49),(246,'h1',50),(247,'h2',50),(248,'h3',50),(249,'h4',50),(250,'h5',50),(251,'h1',51),(252,'h2',51),(253,'h3',51),(254,'h4',51),(255,'h5',51),(256,'h1',52),(257,'h2',52),(258,'h3',52),(259,'h4',52),(260,'h5',52),(261,'h1',53),(262,'h2',53),(263,'h3',53),(264,'h4',53),(265,'h5',53),(266,'h1',54),(267,'h2',54),(268,'h3',54),(269,'h4',54),(270,'h5',54),(271,'h1',55),(272,'h2',55),(273,'h3',55),(274,'h4',55),(275,'h5',55),(276,'h1',56),(277,'h2',56),(278,'h3',56),(279,'h4',56),(280,'h5',56);
/*!40000 ALTER TABLE `hangghe` ENABLE KEYS */;
UNLOCK TABLES;
/*!50003 SET @saved_cs_client      = @@character_set_client */ ;
/*!50003 SET @saved_cs_results     = @@character_set_results */ ;
/*!50003 SET @saved_col_connection = @@collation_connection */ ;
/*!50003 SET character_set_client  = utf8mb4 */ ;
/*!50003 SET character_set_results = utf8mb4 */ ;
/*!50003 SET collation_connection  = utf8mb4_0900_ai_ci */ ;
/*!50003 SET @saved_sql_mode       = @@sql_mode */ ;
/*!50003 SET sql_mode              = 'STRICT_TRANS_TABLES,NO_ENGINE_SUBSTITUTION' */ ;
DELIMITER ;;
/*!50003 CREATE*/ /*!50017 DEFINER=`root`@`localhost`*/ /*!50003 TRIGGER `insert_ghe` AFTER INSERT ON `hangghe` FOR EACH ROW BEGIN
    INSERT INTO `ghe` (`tenghe`,`trangthai`, `idhangghe`)
    VALUES ('G1', 'trống' ,NEW.id),
           ('G2','trống' ,NEW.id),
           ('G3', 'trống',NEW.id),
           ('G4','trống' ,NEW.id),
           ('G5', 'trống',NEW.id),
           ('G6','trống' ,NEW.id),
           ('G7','trống' ,NEW.id),
           ('G8','trống' ,NEW.id),
           ('G9', 'trống',NEW.id);
END */;;
DELIMITER ;
/*!50003 SET sql_mode              = @saved_sql_mode */ ;
/*!50003 SET character_set_client  = @saved_cs_client */ ;
/*!50003 SET character_set_results = @saved_cs_results */ ;
/*!50003 SET collation_connection  = @saved_col_connection */ ;

--
-- Table structure for table `khuyenmai`
--

DROP TABLE IF EXISTS `khuyenmai`;
/*!40101 SET @saved_cs_client     = @@character_set_client */;
 SET character_set_client = utf8mb4 ;
CREATE TABLE `khuyenmai` (
  `id` bigint(20) NOT NULL AUTO_INCREMENT,
  `img` varchar(255) DEFAULT NULL,
  `tenkhuyenmai` varchar(255) DEFAULT NULL,
  `tienkhuyenmai` int(11) NOT NULL,
  `trangthai` varchar(255) DEFAULT NULL,
  PRIMARY KEY (`id`)
) ENGINE=InnoDB AUTO_INCREMENT=7 DEFAULT CHARSET=utf8mb4 COLLATE=utf8mb4_0900_ai_ci;
/*!40101 SET character_set_client = @saved_cs_client */;

--
-- Dumping data for table `khuyenmai`
--

LOCK TABLES `khuyenmai` WRITE;
/*!40000 ALTER TABLE `khuyenmai` DISABLE KEYS */;
INSERT INTO `khuyenmai` VALUES (1,'https://cdn.galaxycine.vn/media/2023/3/21/combo-dd-digital-500x750_1679373493091.jpg','Mùa xuân yêu thương',50000,'bắt đầu'),(2,'https://cdn.galaxycine.vn/media/2022/12/10/combo-u22-digital-300x450-1667285239633_1670637604853.jpg','Mùa Hè yêu thương',40000,'bắt đầu'),(3,'https://cdn.galaxycine.vn/media/2023/3/23/1800_1679562096286.jpg','Mùa Thu yêu thương',30000,'bắt đầu'),(4,'	https://cdn.galaxycine.vn/media/2023/3/28/nta-t4-digital-1200x1800_1679991993621.jpg','Mùa Đông yêu thương',90000,'bắt đầu'),(5,'https://cdn.galaxycine.vn/media/2022/1/17/300x450-1642060360230_1642391019890.jpg','Sống để yêu thương',10000,'bắt đầu'),(6,'https://cdn.galaxycine.vn/media/2023/3/27/300x450_1679905180188.jpg','Sống để hết mình',1,'kết thúc');
/*!40000 ALTER TABLE `khuyenmai` ENABLE KEYS */;
UNLOCK TABLES;

--
-- Table structure for table `nhaxuatban`
--

DROP TABLE IF EXISTS `nhaxuatban`;
/*!40101 SET @saved_cs_client     = @@character_set_client */;
 SET character_set_client = utf8mb4 ;
CREATE TABLE `nhaxuatban` (
  `id` bigint(20) NOT NULL AUTO_INCREMENT,
  `tennhaxuatban` varchar(255) DEFAULT NULL,
  `trangthai` varchar(255) DEFAULT NULL,
  PRIMARY KEY (`id`)
) ENGINE=InnoDB AUTO_INCREMENT=7 DEFAULT CHARSET=utf8mb4 COLLATE=utf8mb4_0900_ai_ci;
/*!40101 SET character_set_client = @saved_cs_client */;

--
-- Dumping data for table `nhaxuatban`
--

LOCK TABLES `nhaxuatban` WRITE;
/*!40000 ALTER TABLE `nhaxuatban` DISABLE KEYS */;
INSERT INTO `nhaxuatban` VALUES (1,'Kim Đồng','Hợp Tác'),(2,'Kim Vân',NULL),(3,'Điền Quân',NULL),(4,'VIEON',NULL),(5,'Hùng Vân',NULL),(6,'Kim Hỏa','Hợp Tác');
/*!40000 ALTER TABLE `nhaxuatban` ENABLE KEYS */;
UNLOCK TABLES;

--
-- Table structure for table `phim`
--

DROP TABLE IF EXISTS `phim`;
/*!40101 SET @saved_cs_client     = @@character_set_client */;
 SET character_set_client = utf8mb4 ;
CREATE TABLE `phim` (
  `id` bigint(20) NOT NULL AUTO_INCREMENT,
  `anhphim` varchar(255) DEFAULT NULL,
  `daodien` varchar(255) DEFAULT NULL,
  `dienvien` varchar(255) DEFAULT NULL,
  `manxb` bigint(20) DEFAULT NULL,
  `ngaychieu` varchar(255) DEFAULT NULL,
  `noidung` text,
  `quocgia` varchar(255) DEFAULT NULL,
  `rating` int(11) DEFAULT NULL,
  `tenphim` varchar(255) DEFAULT NULL,
  `theloai` varchar(255) DEFAULT NULL,
  `thoiluong` int(11) DEFAULT NULL,
  `trailer` varchar(255) DEFAULT NULL,
  `trangthai` varchar(255) DEFAULT NULL,
  `tuoi` int(11) DEFAULT NULL,
  `idnxb` bigint(20) DEFAULT NULL,
  `ngaydong` varchar(254) DEFAULT NULL,
  `loaiphim` varchar(255) DEFAULT NULL,
  PRIMARY KEY (`id`),
  KEY `FKlax7x71hdda6lxvsrn5uuneen` (`idnxb`),
  CONSTRAINT `FKlax7x71hdda6lxvsrn5uuneen` FOREIGN KEY (`idnxb`) REFERENCES `nhaxuatban` (`id`)
) ENGINE=InnoDB AUTO_INCREMENT=71 DEFAULT CHARSET=utf8mb4 COLLATE=utf8mb4_0900_ai_ci;
/*!40101 SET character_set_client = @saved_cs_client */;

--
-- Dumping data for table `phim`
--

LOCK TABLES `phim` WRITE;
/*!40000 ALTER TABLE `phim` DISABLE KEYS */;
INSERT INTO `phim` VALUES (1,'../assets/anhphim1.jpg','Dave Wilson','Chuột hum tor',1,'11/3/2023','  Ray Garrison là một sĩ quan cấp cao đã hy sinh trong một trận chiến. Thế nhưng, anh được tái sinh bằng công nghệ cao, giúp Ray sở hữu sức mạnh siêu nhiên và khả năng phục hồi nhanh chóng. Vận dụng những kỹ năng mới, anh săn lùng gã đàn ông đã giết vợ mình. Thế nhưng, khi sự thật dần hé mở, Ray nhận ra rằng không phải mọi thứ đều đáng tin. Ngay cả chính bản thân anh. ','Mỹ',5,'Siêu Quậy nhí','Hoạt Hình',110,'https://www.youtube.com/embed/UdaZwNPQ9fk','đang chiếu',16,1,NULL,'3D 2D'),(2,'../assets/anhphim10.jpg','Đồng Đăng Giao','Khả Như, Kiều Minh Tuấn, Ngân Chi',1,'4/3/2020','Cuộc sống của một bà mẹ đơn thân cùng đứa con gái nhỏ thêm phần thú vị khi có sự xuất hiện của một người đàn ông lịch lãm, kế hoạch \"tìm chồng, tìm cha\" từ đây bắt đầu.','Việt Nam',5,'Nắng 3: Lời Hứa Của Cha','Hài, Tình cảm, Gia đình',109,'https://www.youtube.com/embed/DymKqNH_m8w','sắp chiếu',16,1,NULL,'3D 2D'),(3,'../assets/anhphim9.jpg','Dan Scanlon','Tom Holland, Chris Pratt',1,'6/3/2020','Lấy bối cảnh vùng ngoại ô một thế giới kỳ ảo, hai anh em yêu tinh tuổi teen bắt đầu hành trình khám phá xem, liệu rằng đâu đó ngoài kia có còn tồn tại ma thuật không?','Mỹ',5,'Onward - Truy Tìm Phép Thuật','Hoạt Hình',103,'https://www.youtube.com/embed/gn5QmllRCn4','sắp chiếu',16,1,NULL,'3D 2D'),(4,'../assets/anhphim12.jpg','Nikita Argunov','Milos Bikovic, Aleksey Serebryakov',1,'20/3/2020','Một kiến trúc sư trẻ tài năng tỉnh dậy sau một tai nạn kinh hoàng và phát hiện rằng anh ta đang lạc trong một thế giới khác kỳ lạ và hỗn loạn có tên COMA. Đây là không gian mà các định luật vật lý thông thường không tồn tại. Chàng kỹ sư ngoài việc thích nghi còn phải chiến đấu trước những thế lực bí ẩn để bảo vệ tính mạng và tìm cách trở lại thế giới thực. ','Nga',5,'Coma - Kẻ Đào Tẩu Giấc Mơ','Giả Tưởng',110,'https://www.youtube.com/embed/f4_18y4SNRg','đang chiếu',16,1,NULL,'3D 2D'),(5,'../assets/anhphim8.jpg','Jang Yoo Jeong','Ra Mi Ran, Kim Moo Yul, Na Moon Hee, Yoon Kyung Ho',1,'20/3/2020','Một nữ nghị sĩ có khả năng nói dối thiên tài đã đạt nhiều thành công trong sự nghiệp chính trị. Tuy nhiên ngay lúc kỳ tranh cử đang tới thì bà ta lại không thể nói dối được nữa. Khi sự thật phũ phàng đều bị phanh phui, liệu bà có đắc cử thành công hay không? ','Hàn Quốc',5,'Honest Candidate - Bà Hoàng Nói Dối','Hài',103,'https://www.youtube.com/embed/Ir47MpPUMHM','đang chiếu',16,1,NULL,'3D 2D'),(6,'../assets/anhphim11.jpg','Sandra Sciberras','Jolene Anderson,Stef Dawson',1,'20/3/2020','Một loài ký sinh trùng ngoài hành tinh tấn công người dân trên sa mạc và chiếm lấy não của họ. Tuy nhiên mối đe dọa thực sự đến nhân loại lại đến từ một sinh vật khác.','Úc',5,'The Dustwalker - Sa Mạc Chết','Ly kì, Giả Tưởng',89,'https://www.youtube.com/embed/TM6RldOunfE','sắp chiếu',16,1,NULL,'3D 2D'),(7,'../assets/anhphim2.png','Dan Scanlon','Gal Gadot, Pedro Pascal, Chris Pine',1,'5/6/2020','Phần tiếp theo của bộ phim siêu anh hùng Wonder Woman năm 2017.','Mỹ',5,'Wonder Woman 1984','Hành động, Phiêu lưu, Giả Tưởng',110,'https://www.youtube.com/embed/Vt168Du8Vyk','đang chiếu',16,1,NULL,'3D 2D'),(8,'../assets/anhphim7.jpg','Cate Shortland','Scarlett Johansson, Florence Pugh, Rachel Weisz',1,'1/5/2020','Phim là cuộc hành trình độc lập của một trong những chiến binh xuất sắc nhất hội Avengers - Black Widow, lần này đối thủ của cô là một ác nhân bí ẩn đầy mưu mô!','Mỹ',5,'Black Widow - Góa Phụ Đen','Hành động, Giả Tưởng, Phiêu lưu',110,'https://www.youtube.com/embed/ybji16u608U','sắp chiếu',16,1,NULL,'3D 2D'),(9,'../assets/anhphim4.jpg','Lý Hải','Ốc Thanh Vân, Huỳnh Đông, Mạc Văn Khoa, Võ Thành T',1,'30/4/2020','Một gia đình bị truy đuổi giữa vùng sông nước. Cơ hội nào cho người đàn ông cứu lấy vợ con khỏi bọn xã hội đen máu mặt?','Việt Nam',5,'Lật Mặt: 48H','Hành Động',103,'https://www.youtube.com/embed/-iCBapAoAsM','sắp chiếu',16,1,NULL,'3D 2D'),(10,'../assets/anhphim3.png','Điền Quân','Phương Anh Đào, Hiếu Nguyễn, Oanh Kiều',2,'17/4/2020','Liên tục mơ thấy bị một kẻ sát nhân không mặt mũi giết hàng đêm, cuộc sống của Phương Anh bị xáo trộn. Thế nhưng, điều kinh hoàng hơn còn xảy ra, khi tên Vô Diện Sát Nhân bước ra đời thực và truy sát cô. Hắn thực sự tồn tại hay chỉ là nỗi ám ảnh của Phương Anh?','Việt Nam',5,'Vô Diện Sát Nhân','Kinh Dị',89,'https://www.youtube.com/embed/8efH5QWJ334','sắp chiếu',16,1,NULL,'3D 2D'),(11,'../assets/anhphim6.jpg','Kyle Balda','Đang Cập Nhật',2,'3/7/2020','Minions - Những Quả Chuối Vàng biết đi sẽ trở lại trong câu chuyện chưa kể về tuổi thơ của Gru - cậu bé mười hai tuổi mơ được trở thành ác nhân xuất sắc nhất thế giới.','Mỹ',5,'Minions: The Rise of Gru','Hoạt Hình',110,'https://www.youtube.com/embed/54yAKyNkK7w','sắp chiếu',16,1,NULL,'3D 2D'),(12,'../assets/anhphim1.jpg','Dave Wilson','Vin Diesel, Eiza González',2,'11/3/2020','  Ray Garrison là một sĩ quan cấp cao đã hy sinh trong một trận chiến. Thế nhưng, anh được tái sinh bằng công nghệ cao, giúp Ray sở hữu sức mạnh siêu nhiên và khả năng phục hồi nhanh chóng. Vận dụng những kỹ năng mới, anh săn lùng gã đàn ông đã giết vợ mình. Thế nhưng, khi sự thật dần hé mở, Ray nhận ra rằng không phải mọi thứ đều đáng tin. Ngay cả chính bản thân anh. ','Mỹ',5,'Bloodshot','Hành Động',110,'https://www.youtube.com/embed/2xmqGklHWLI','đang chiếu',16,2,NULL,'3D 2D'),(13,'http://booking.bhdstar.vn/CDN/media/entity/get/FilmPosterGraphic/HO00002651?referenceScheme=HeadOffice&allowPlaceHolder=true&height=500','HÙng Anh','Riku Hagiwara, Yusei Yagi',2,'2023-04-14','Hira, 17 tuổi, cố gắng ẩn mình ở trường, không bao giờ muốn phơi bày tật nói lắp của mình với các bạn cùng lớp. Anh ấy nhìn thế giới qua ống kính máy ảnh của mình, cho đến một ngày Kiyoi Sou bước qua cửa lớp...','Mỹ',5,'MY BEAUTIFUL MAN MOVIE: SPECIAL EDITION','Drama',132,'https://www.youtube.com/embed/vOUJrSHHp6g','đang chiếu',16,2,'2023-06-20','3D 2D'),(14,'http://booking.bhdstar.vn/CDN/media/entity/get/FilmPosterGraphic/HO00002656?referenceScheme=HeadOffice&allowPlaceHolder=true&height=500','Chris McKay','Nicolas  Cage, Nicholas Hoult',2,'2023-04-14','Renfield bị buộc phải bắt con mồi về cho chủ nhân và thực hiện mọi mệnh lệnh, kể cả những việc nhục nhã. Nhưng giờ đây, sau nhiều thế kỷ làm nô lệ, Renfield đã sẵn sàng để khám phá cuộc sống bên ngoài cái bóng của Hoàng Tử Bóng Đêm...','Mỹ',5,'RENFIELD','Horror',92,'https://www.youtube.com/watch?v=_hO0vGwqClM','đang chiếu',16,2,'2023-06-20','3D 2D'),(15,'http://booking.bhdstar.vn/CDN/media/entity/get/FilmPosterGraphic/HO00002665?referenceScheme=HeadOffice&allowPlaceHolder=true&height=500','Julius Avery','Russell Crowe, Daniel Zovatto',2,'2023-04-14','Từ những hồ sơ có thật của Cha Gabriele Amorth, Trưởng Trừ Tà của Vatican, \"The Popes Exorcist\" theo chân Amorth trong cuộc điều tra về vụ quỷ ám kinh hoàng của một cậu bé và dần khám phá ra những bí mật hàng thế kỉ mà Vatican đã cố giấu kín...','Mỹ',5,'THE POPES EXORCIST','Horror',104,'https://www.youtube.com/embed/33xtZdR0amI','đang chiếu',16,2,'2023-06-20','3D 2D'),(16,'http://booking.bhdstar.vn/CDN/media/entity/get/FilmPosterGraphic/HO00002670?referenceScheme=HeadOffice&allowPlaceHolder=true&height=500','Ben  Affleck','Viola Davis',2,'2023-04-14','Bí mật trong mối quan hệ hợp tác lịch sử giữa Nike và một vận động viên bóng rổ vĩ đại.Cả hai đã cho ra mắt thương hiệu Air Jordan đình đám và theo chân Sonny Vaccaro- saleman của Nike trong hành trình tiếp cận và đánh cược cả sự nghiệp vào Michael Jordan','Mỹ',5,'AIR','Drama',112,'https://www.youtube.com/embed/8BpGkBw76Zg','đang chiếu',16,2,'2023-06-20','3D 2D'),(17,'http://booking.bhdstar.vn/CDN/media/entity/get/FilmPosterGraphic/HO00002663?referenceScheme=HeadOffice&allowPlaceHolder=true&height=500','MỸ TÂM','Ca sĩ Mỹ Tâm',2,'2023-04-08','Mỹ Tâm sẽ phác họa chân thực toàn bộ những diễn biến tâm lý và cảm xúc thăng trầm cùng những thăng hoa trong suốt quá trình thực hiện Liveshow \"Tri Âm\" lịch sử bằng những thước phim quý giá được quay lại trong 2 năm...','Mỹ',5,'NGƯỜI GIỮ THỜI GIAN : TRI ÂM ','Musical',106,'https://www.youtube.com/watch?v=8BdO_M8bUZo','đang chiếu',16,2,'2023-06-20','3D 2D'),(18,'http://booking.bhdstar.vn/CDN/media/entity/get/FilmPosterGraphic/HO00002669?referenceScheme=HeadOffice&allowPlaceHolder=true&height=500','Waew Waewwan Hongvivatana','Baipor Thitiya Jirapornsilp, Tony Anthony Buisseret',2,'2023-04-07','Hai chị em sinh đôi \"You\" và \"Me\"có ngoại hình và sở thích giống hệt nhau,thân thiết đến mức họ có thể chia sẻ mọi khía cạnh trong cuộc sống,cho đến khi một cậu bé - \"mối tình đầu\" của họ xuất hiện và đặt ra những thử thách khó khăn cho mối quan hệ của họ','Mỹ',5,'YOU & ME & ME ','Drama',121,'https://www.youtube.com/embed/rvy9TxYXNhc','đang chiếu',16,2,'2023-06-20','3D 2D'),(19,'http://booking.bhdstar.vn/CDN/media/entity/get/FilmPosterGraphic/HO00002661?referenceScheme=HeadOffice&allowPlaceHolder=true&height=500','Camille Delamarre','Henry Golding, Noomi Repace',2,'2023-04-07','Bảy tên sát thủ vô tình bị thiết lập trong một trò chơi sống còn. Morgan Gaines- một sát thủ chuyên nghiệp có nhiệm vụ phải giết bảy người,Morgan phát hiện ra bảy \"mục tiêu\" cũng là bảy sát thủ nặng ký. Lối thoát duy nhất cho Morgan là tìm ra kẻ chủ mưu..','Mỹ',5,'ASSASSIN CLUB','Action',109,'https://www.youtube.com/watch?v=usYcScx3yMk','đang chiếu',16,2,'2023-06-20','3D 2D'),(20,'http://booking.bhdstar.vn/CDN/media/entity/get/FilmPosterGraphic/HO00002654?referenceScheme=HeadOffice&allowPlaceHolder=true&height=500','Wei Hao Cheng','Greg Han Hsu, Gingle Wang',2,'2023-04-07','Ming-Han, một sĩ quan cảnh sát nhiệt huyết, trong quá trình truy bắt tội phạm đã tìm thấy một phong bì cưới màu đỏ và chủ nhân của nó là hồn ma Mao-Mao với nguyện vọng phải được kết hôn với một sĩ quan cảnh sát trước khi tái sinh...','Mỹ',5,'MARRY MY DEAD BODY ','Drama',130,'https://www.youtube.com/embed/4-C5mC0uSyE','đang chiếu',16,2,'2023-06-20','3D 2D'),(21,'http://booking.bhdstar.vn/CDN/media/entity/get/FilmPosterGraphic/HO00002631?referenceScheme=HeadOffice&allowPlaceHolder=true&height=500','Aaron Horvath','Chris Pratt, Anya Taylor-Joy',2,'2023-04-07','Theo chân anh chàng thợ sửa ống nước tên Mario cùng công chúa Peach của Vương quốc Nấm trong cuộc phiêu lưu giải cứu anh trai Luigi đang bị bắt cóc và ngăn chặn tên độc tài Bowser, kẻ đang âm mưu thôn tính thế giới','Mỹ',5,'THE SUPER MARIO BROS. MOVIE','Animation',93,'https://www.youtube.com/watch?v=wODah30-agA','đang chiếu',16,2,'2023-06-20','3D 2D'),(22,'http://booking.bhdstar.vn/CDN/media/entity/get/FilmPosterGraphic/HO00002633?referenceScheme=HeadOffice&allowPlaceHolder=true&height=500','Tạ Nguyên Hiệp','Võ Tấn Phát, Hoàng  Oanh',2,'2023-03-31','Xoay quanh bộ đôi Khuê và Phong. Sau lần chạm trán tình cờ, bộ đôi lôi kéo gia đình Bảy Cục tham gia vào phi vụ đặc biệt: Đánh tráo chiếc vòng đính hôn bằng kim cương quí giá và lật tẩy bộ mặt thật của Tuấn-chồng cũ của Khuê...','Mỹ',5,'BIỆT ĐỘI RẤT ỔN','Comedy',104,'https://www.youtube.com/watch?v=6qZbBiL65cI','đang chiếu',16,2,'2023-06-20','2D'),(23,'http://booking.bhdstar.vn/CDN/media/entity/get/FilmPosterGraphic/HO00002580?referenceScheme=HeadOffice&allowPlaceHolder=true&height=500','Dmitriy Suvorov','Nadezhda Kaleganova, Viktor Dobronravov',2,'2023-03-31','Cặp vợ chồng mới cưới Larisa và Vladimir trở về nhà từ tuần trăng mật ở Blagoveshchensk và bị va chạm máy bay, Larisa phải vật lộn với cái đói cái lạnh và động vật hoang dã săn mồi. Liệu Larisa có tìm được vị hôn phu và cùng sống sót trở về ?','Mỹ',5,'THE ONE','Drama',96,'https://www.youtube.com/embed/qOP_CkRmfKQ','đang chiếu',16,2,'2023-06-20','2D'),(24,'http://booking.bhdstar.vn/CDN/media/entity/get/FilmPosterGraphic/HO00002673?referenceScheme=HeadOffice&allowPlaceHolder=true&height=500','Eu  Ho','Amelia Henderson, Alif Satar',2,'2023-03-31','Kỳ nghỉ của nhóm bạn trẻ biến thành cơn ác mộng kinh hoàng sau khi họ thua một cuộc cá cược,họ buộc phải qua đêm tại một đảo hoang, khi tình cờ đến một ngôi làng bị bỏ hoang bí ẩn ở đó, họ đã phá vỡ câu thần chú cũ được đặt để kiềm chế một linh hồn tàn ác','Úc',5,'PULAU ','Horror',112,'https://www.youtube.com/embed/zjrC1NK5Le4','đang chiếu',16,2,'2023-06-20','2D'),(25,'http://booking.bhdstar.vn/CDN/media/entity/get/FilmPosterGraphic/HO00002611?referenceScheme=HeadOffice&allowPlaceHolder=true&height=500','Young-Keun Min','Kim Da-Mi, Woo-Seok Byeon',2,'2023-03-24','Mi So và Ha Eun trong một mối quan hệ chồng chéo chất chứa những hạnh phúc, rung động và biệt ly. Từ giây phút gặp nhau , hai cô gái đã hình thành sợi dây liên kết đặc biệt nhưng mối quan hệ của họ rạn nứt khi một chàng trai xuất hiện...','Úc',5,'SOULMATE','Drama',124,'https://www.youtube.com/watch?v=pGAFcV97dpw','đang chiếu',16,3,'2023-06-20','2D'),(26,'http://booking.bhdstar.vn/CDN/media/entity/get/FilmPosterGraphic/HO00002676?referenceScheme=HeadOffice&allowPlaceHolder=true&height=500','Hà Lệ Diễm','Má Thị Di',2,'2023-03-17','Di, một cô gái trẻ nhiệt huyết đến từ cộng đồng người Mông bị mắc kẹt giữa truyền thống \"kéo vợ\" và mong muốn được tiếp tục sống thời thơ ấu và đến trường đi học , liệu với trái tim trong sáng ấy , Di sẽ đối diện với xã hội ấy như thế nào...?\r\n','Úc',5,'NHỮNG ĐỨA TRẺ TRONG SƯƠNG','Documentary',93,'https://www.youtube.com/embed/9U7fkTY6HRY','đang chiếu',16,3,'2023-06-20','2D'),(27,'http://booking.bhdstar.vn/CDN/media/entity/get/FilmPosterGraphic/HO00002593?referenceScheme=HeadOffice&allowPlaceHolder=true&height=500','Võ Thanh Hòa','Mạc Văn Khoa, Anh Tú',2,'2023-03-03','Khoa, một tên lừa đảo tới Phú Quốc với mục tiêu đổi đời. Không ngờ đây là sân nhà của Tú, một tên lừa đảo chuyên nghiệp, cả hai bắt tay cùng thực hiện một phi vụ siêu lớn và mục tiêu là các quý bà giàu có và đam mê sự nổi tiếng','Úc',5,'SIÊU LỪA GẶP SIÊU LẦY','Comedy',112,'https://www.youtube.com/watch?v=xy8RznX_uyM','đang chiếu',16,3,'2023-06-20','2D'),(28,'http://booking.bhdstar.vn/CDN/media/entity/get/FilmPosterGraphic/HO00002640?referenceScheme=HeadOffice&allowPlaceHolder=true&height=500','Takehiko  Inoue','Masaya Fukunishi, Yoshiaki Hasegawa',2,'2022-02-13','\"Hanamichi Sakuragi\" bắt đầu quan tâm đến một cô gái tên  \"Haruko\",người yêu thích bóng rổ.Vì thế cậu quyêt định tham gia Câu lạc bộ bóng rổ trường trung học Shohoku và tài năng của cậu nhanh chóng phát triển sau những trận đấu','Úc',5,'THE FIRST SLAM DUNK','Animation',124,'https://www.youtube.com/watch?v=8x7-46aDmHQ','đang chiếu',16,3,'2023-06-20','2D'),(29,'http://booking.bhdstar.vn/CDN/media/entity/get/FilmPosterGraphic/HO00002675?referenceScheme=HeadOffice&allowPlaceHolder=true&height=500','Park Sung-kwang','Park Sung-woong, Lee Yi-kyung',3,'2023-04-21','Dựa trên thần thoại dân gian Hàn Quốc về cặp gấu song sinh hoá thành người sau khi ăn tỏi và ngải cứu, phim kể câu chuyện về Woong-Nam, người đối đầu với một tổ chức tội phạm quốc tế với khả năng bẩm sinh đầy thú tính... vượt xa con người','Úc',5,'BEARMAN','Comedy',97,'https://www.youtube.com/embed/BS8aVvVTAh8','đang chiếu',16,3,'2023-06-20','2D'),(30,'http://booking.bhdstar.vn/CDN/media/entity/get/FilmPosterGraphic/HO00002650?referenceScheme=HeadOffice&allowPlaceHolder=true&height=500','Vũ  Ngọc Đãng','Thái Hòa, Thu  Trang',3,'2023-04-28','Là câu chuyện của Nhót - Người phụ nữ \"chưa kịp già\" đã sắp bị mãn kinh, vội vàng đi tìm chồng. Nhưng sâu thẳm trong cô là khao khát muốn có một đứa con và luôn muốn hàn gắn với người cha suốt ngày say xỉn của mình','Úc',5,'CHUYỆN XÓM TUI : CON NHÓT MÓT CHỒNG','Comedy',100,'https://www.youtube.com/watch?v=qehxOMR-rFQ','đang chiếu',16,3,'2023-06-20','2D'),(31,'http://booking.bhdstar.vn/CDN/media/entity/get/FilmPosterGraphic/HO00002629?referenceScheme=HeadOffice&allowPlaceHolder=true&height=500','John Francis Daley','Chris Pine, Michelle Rodriguez',3,'2023-04-21','Theo chân một tên trộm quyến rũ và một nhóm những kẻ bịp bợm nghiệp dư thực hiện vụ trộm sử thi nhằm lấy lại một di vật đã mất, nhưng mọi thứ trở nên nguy hiểm khó lường hơn bao giờ hết khi họ đã chạm trám nhầm người...','Úc',5,'DUNGEONS & DRAGONS: HONOR AMONG THIEVES ','Adventure',134,'https://www.youtube.com/watch?v=iTZJ-uwIZxg','đang chiếu',16,3,'2023-06-20','2D'),(32,'http://booking.bhdstar.vn/CDN/media/entity/get/FilmPosterGraphic/HO00002677?referenceScheme=HeadOffice&allowPlaceHolder=true&height=500','Peter Sohn','Leah Lewis, Mamoudou Athie',3,'2023-06-16','Ember, một cô nàng cá tính, thông minh, mạnh mẽ và đầy sức hút. Tuy nhiên mối quan hệ của cô với Wade- một anh chàng hài hước, luôn thuận thế đẩy dòng - khiến Ember cảm thấy ngờ vực với thế giới này...','Úc',5,'ELEMENTAL','Animation',93,'https://www.youtube.com/watch?v=K19bf6ButD4','đang chiếu',16,3,'2023-06-20','2D'),(33,'http://booking.bhdstar.vn/CDN/media/entity/get/FilmPosterGraphic/HO00002671?referenceScheme=HeadOffice&allowPlaceHolder=true&height=500','HÙng Anh','Vin  Diesel',3,'2023-05-19','Dom Toretto và gia đình của anh ấy bị trở thành mục tiêu của người con trai đầy thù hận của ông trùm ma túy Hernan Reyes','Úc',5,'FAST & FURIOUS X','Comedy',93,'https://www.youtube.com/watch?v=nIXKtldz5Yk','đang chiếu',16,3,'2023-06-20','2D'),(34,'http://booking.bhdstar.vn/CDN/media/entity/get/FilmPosterGraphic/HO00002647?referenceScheme=HeadOffice&allowPlaceHolder=true&height=500','James  Gunn','Chris  Pratt, Zoe Saldana',3,'2023-05-03','Cho dù vũ trụ này có bao la đến đâu, các Vệ Binh của chúng ta cũng không thể trốn chạy mãi mãi...','Úc',5,'GUARDIANS OF THE GALAXY 3','Adventure',119,'https://www.youtube.com/watch?v=Pp6reH8bpZ8','đang chiếu',16,3,'2023-06-20','2D'),(35,'http://booking.bhdstar.vn/CDN/media/entity/get/FilmPosterGraphic/HO00002653?referenceScheme=HeadOffice&allowPlaceHolder=true&height=500','Lý  Hải','Duy Khánh, Quốc Cường',3,'2023-04-28','Nhóm bạn thân lâu năm bất ngờ nhận được cơ hội đổi đời khi biết tấm vé của cả nhóm trúng giải độc đắc 136.8 tỷ. Đột nhiên An,người giữ tấm vé bất ngờ qua đời, liệu trong hành trình tìm kiếm và chia chác món tiền trong mơ béo bở này sẽ đưa cả nhóm đến đâu?','Úc',5,'LẬT MẶT 6','Action',132,'https://www.youtube.com/watch?v=tpjjd7usfnA','đang chiếu',16,3,'2023-06-20','2D'),(36,'http://booking.bhdstar.vn/CDN/media/entity/get/FilmPosterGraphic/HO00002666?referenceScheme=HeadOffice&allowPlaceHolder=true&height=500','Alessandro Antonaci','Daniel Lascar',3,'2023-04-21','Trở về nhà sau mất mát của cha mẹ, Emma vô tình giải phóng những linh hồn quá khứ mắc kẹt trong chiếc radio cổ. Vô số câu chuyện bí ẩn lần lượt được vạch trần, liệu Emma sẽ tỉnh táo đối mặt hay cô sẽ bị nhấn chìm bởi quỹ dữ ?','Úc',5,'SOUND OF SILENCE','Horror',93,'https://www.youtube.com/embed/I7VxgN5RTPM','đang chiếu',16,3,'2023-06-20','2D'),(37,'http://booking.bhdstar.vn/CDN/media/entity/get/FilmPosterGraphic/HO00002632?referenceScheme=HeadOffice&allowPlaceHolder=true&height=500','HÙng Anh','HÙng Anh',3,'2023-06-02','Miles Morales đến Đa vũ trụ, nơi anh chạm trán với một nhóm Người Nhện chịu trách nhiệm bảo vệ sự tồn tại của họ. Khi các anh hùng xung đột về cách đối phó với mối đe dọa mới, Miles phải xác định lại ý nghĩa của việc trở thành anh hùng...','Hàn',5,'SPIDER-MAN: ACROSS THE SPIDER-VERSE','Animation',92,'https://www.youtube.com/watch?v=bbXAJNvJJGw&t=33s','đang chiếu',16,3,'2023-06-20','2D'),(38,'http://booking.bhdstar.vn/CDN/media/entity/get/FilmPosterGraphic/HO00002658?referenceScheme=HeadOffice&allowPlaceHolder=true&height=500','Guy Ritchie','Jake Gyllenhaal, Dar Salim',3,'2023-04-21','Theo chân Trung sĩ Kinley và thông dịch viên Ahmed. Sau một cuộc phục kích, Ahmed đã dốc hết sức lực để cứu mạng Kinley. Khi Kinley biết Ahmed cùng gia đình không được đưa đến Mỹ an toàn như đã hứa , anh đã quyết định quay lại chiến sự để cứu họ','Hàn',5,'THE COVENANT','Action',98,'https://www.youtube.com/embed/io2IWEiCse4','đang chiếu',16,3,'2023-06-20','3D'),(39,'http://booking.bhdstar.vn/CDN/media/entity/get/FilmPosterGraphic/HO00002648?referenceScheme=HeadOffice&allowPlaceHolder=true&height=500','Andy  Muschietti','Ben  Affleck, Michael Shannon',3,'2023-06-16','Mùa hè này, đa thế giới sẽ va chạm khốc liệt với những bước chạy của FLASH','Hàn',5,'THE FLASH ','Action',120,'https://www.youtube.com/watch?v=uXhf8LJq55Q','đang chiếu',16,2,'2023-06-20','3D'),(40,'http://booking.bhdstar.vn/CDN/media/entity/get/FilmPosterGraphic/HO00002674?referenceScheme=HeadOffice&allowPlaceHolder=true&height=500','Lawrence Fowler','Michaela Longden, Rebecca Phillipson',3,'2023-04-14','Bí ẩn về cái chết của em gái Evie 20 năm trước, vào lúc 09:09 hằng đêm, hàng loạt cuộc chạm trán kinh hoàng xảy ra. Liệu Margot có biết được sự thật ai là kẻ giết em gái mình?\r\n','Hàn',5,'THE GHOST WITHIN','Horror',103,'https://www.youtube.com/watch?v=p_Ppe-2_Vh8','đang chiếu',16,2,'2023-06-20','3D'),(41,'http://booking.bhdstar.vn/CDN/media/entity/get/FilmPosterGraphic/HO00002678?referenceScheme=HeadOffice&allowPlaceHolder=true&height=500','Steven Caple Jr.','Michelle Yeoh, Dominique Fishback',3,'2023-06-09','Bộ phim dựa trên sự kiện Beast Wars trong loạt phim hoạt hình \"Transformers\", nơi mà các robot có khả năng biến thành động vật khổng lồ cùng chiến đấu chống lại một mối đe dọa tiềm tàng','Hàn',5,'TRANSFORMERS: RISE OF THE BEASTS','Action',112,'https://www.youtube.com/watch?v=gR2pkm9XVAY','đang chiếu',16,2,'2023-06-20','2D'),(42,'http://booking.bhdstar.vn/CDN/media/entity/get/FilmPosterGraphic/HO00002670?referenceScheme=HeadOffice&allowPlaceHolder=true&height=500','Ben  Affleck','Viola Davis',3,'2023-04-14','Bí mật trong mối quan hệ hợp tác lịch sử giữa Nike và một vận động viên bóng rổ vĩ đại.Cả hai đã cho ra mắt thương hiệu Air Jordan đình đám và theo chân Sonny Vaccaro- saleman của Nike trong hành trình tiếp cận và đánh cược cả sự nghiệp vào Michael Jordan','Hàn',5,'AIR','Drama',112,'https://www.youtube.com/embed/yuiB8FR9wpg','đang chiếu',16,2,'2023-06-20','3D'),(43,'http://booking.bhdstar.vn/CDN/media/entity/get/FilmPosterGraphic/HO00002651?referenceScheme=HeadOffice&allowPlaceHolder=true&height=500','HÙng Anh','Riku Hagiwara, Yusei Yagi',3,'2023-04-14','Hira, 17 tuổi, cố gắng ẩn mình ở trường, không bao giờ muốn phơi bày tật nói lắp của mình với các bạn cùng lớp. Anh ấy nhìn thế giới qua ống kính máy ảnh của mình, cho đến một ngày Kiyoi Sou bước qua cửa lớp...','Hàn',5,'MY BEAUTIFUL MAN MOVIE: SPECIAL EDITION','Drama',132,'https://www.youtube.com/embed/9GIoMNxQjcE','đang chiếu',16,2,'2023-06-20','3D'),(44,'http://booking.bhdstar.vn/CDN/media/entity/get/FilmPosterGraphic/HO00002656?referenceScheme=HeadOffice&allowPlaceHolder=true&height=500','Chris McKay','Nicolas  Cage, Nicholas Hoult',3,'2023-04-14','Renfield bị buộc phải bắt con mồi về cho chủ nhân và thực hiện mọi mệnh lệnh, kể cả những việc nhục nhã. Nhưng giờ đây, sau nhiều thế kỷ làm nô lệ, Renfield đã sẵn sàng để khám phá cuộc sống bên ngoài cái bóng của Hoàng Tử Bóng Đêm...','Hàn',5,'RENFIELD','Horror',92,'https://www.youtube.com/watch?v=_hO0vGwqClM','đang chiếu',16,2,'2023-06-20','3D'),(45,'http://booking.bhdstar.vn/CDN/media/entity/get/FilmPosterGraphic/HO00002665?referenceScheme=HeadOffice&allowPlaceHolder=true&height=500','Julius Avery','Russell Crowe, Daniel Zovatto',3,'2023-04-14','Từ những hồ sơ có thật của Cha Gabriele Amorth, Trưởng Trừ Tà của Vatican, \"The Popes Exorcist\" theo chân Amorth trong cuộc điều tra về vụ quỷ ám kinh hoàng của một cậu bé và dần khám phá ra những bí mật hàng thế kỉ mà Vatican đã cố giấu kín...','Hàn',5,'THE POPES EXORCIST','Horror',104,'https://www.youtube.com/embed/KMLxFl8E_fA','đang chiếu',16,2,'2023-06-20','3D'),(46,'http://booking.bhdstar.vn/CDN/media/entity/get/FilmPosterGraphic/HO00002654?referenceScheme=HeadOffice&allowPlaceHolder=true&height=500','Wei Hao Cheng','Greg Han Hsu, Gingle Wang',3,'2023-04-07','Ming-Han, một sĩ quan cảnh sát nhiệt huyết, trong quá trình truy bắt tội phạm đã tìm thấy một phong bì cưới màu đỏ và chủ nhân của nó là hồn ma Mao-Mao với nguyện vọng phải được kết hôn với một sĩ quan cảnh sát trước khi tái sinh...','Hàn',5,'MARRY MY DEAD ','Drama',130,'https://www.youtube.com/embed/yZHg7w_AcU0','đang chiếu',16,2,'2023-06-20','3D'),(47,'http://booking.bhdstar.vn/CDN/media/entity/get/FilmPosterGraphic/HO00002661?referenceScheme=HeadOffice&allowPlaceHolder=true&height=500','Camille Delamarre','Henry Golding, Noomi Repace',2,'2023-04-07','Bảy tên sát thủ vô tình bị thiết lập trong một trò chơi sống còn. Morgan Gaines- một sát thủ chuyên nghiệp có nhiệm vụ phải giết bảy người,Morgan phát hiện ra bảy \"mục tiêu\" cũng là bảy sát thủ nặng ký. Lối thoát duy nhất cho Morgan là tìm ra kẻ chủ mưu..','Hàn',5,'ASSASSIN CLUB','Action',109,'https://www.youtube.com/embed/usYcScx3yMk','sắp chiếu',16,1,'2023-06-20','3D'),(48,'http://booking.bhdstar.vn/CDN/media/entity/get/FilmPosterGraphic/HO00002631?referenceScheme=HeadOffice&allowPlaceHolder=true&height=500','Aaron Horvath','Chris Pratt, Anya Taylor-Joy',2,'2023-04-07','Theo chân anh chàng thợ sửa ống nước tên Mario cùng công chúa Peach của Vương quốc Nấm trong cuộc phiêu lưu giải cứu anh trai Luigi đang bị bắt cóc và ngăn chặn tên độc tài Bowser, kẻ đang âm mưu thôn tính thế giới','Hàn',5,'THE SUPER MARIO BROS. MOVIE','Animation',93,'https://www.youtube.com/embed/wODah30-agA','sắp chiếu',16,1,'2023-06-20','3D'),(49,'http://booking.bhdstar.vn/CDN/media/entity/get/FilmPosterGraphic/HO00002669?referenceScheme=HeadOffice&allowPlaceHolder=true&height=500','Waew Waewwan Hongvivatana','Baipor Thitiya Jirapornsilp, Tony Anthony Buisseret',2,'2023-04-07','Hai chị em sinh đôi \"You\" và \"Me\"có ngoại hình và sở thích giống hệt nhau,thân thiết đến mức họ có thể chia sẻ mọi khía cạnh trong cuộc sống,cho đến khi một cậu bé - \"mối tình đầu\" của họ xuất hiện và đặt ra những thử thách khó khăn cho mối quan hệ của họ','Hàn',5,'YOU & ME & ME ','Drama',121,'https://www.youtube.com/embed/Jcm93JJLS3A','sắp chiếu',16,1,'2023-06-20','3D'),(50,'http://booking.bhdstar.vn/CDN/media/entity/get/FilmPosterGraphic/HO00002673?referenceScheme=HeadOffice&allowPlaceHolder=true&height=500','Eu  Ho','Amelia Henderson, Alif Satar',2,'2023-03-31','Kỳ nghỉ của nhóm bạn trẻ biến thành cơn ác mộng kinh hoàng sau khi họ thua một cuộc cá cược,họ buộc phải qua đêm tại một đảo hoang, khi tình cờ đến một ngôi làng bị bỏ hoang bí ẩn ở đó, họ đã phá vỡ câu thần chú cũ được đặt để kiềm chế một linh hồn tàn ác','Hàn',5,'PULAU ','Horror',112,'https://www.youtube.com/embed/HVgwRbQfpCc','sắp chiếu',16,1,'2023-06-20','3D'),(51,'http://booking.bhdstar.vn/CDN/media/entity/get/FilmPosterGraphic/HO00002633?referenceScheme=HeadOffice&allowPlaceHolder=true&height=500','Tạ Nguyên Hiệp','Võ Tấn Phát, Hoàng  Oanh',2,'2023-03-31','Xoay quanh bộ đôi Khuê và Phong. Sau lần chạm trán tình cờ, bộ đôi lôi kéo gia đình Bảy Cục tham gia vào phi vụ đặc biệt: Đánh tráo chiếc vòng đính hôn bằng kim cương quí giá và lật tẩy bộ mặt thật của Tuấn-chồng cũ của Khuê...','Nhật Bản',5,'BIỆT ĐỘI RẤT ỔN','Comedy',104,'https://www.youtube.com/embed/6qZbBiL65cI','sắp chiếu',16,1,'2023-06-20','3D'),(52,'http://booking.bhdstar.vn/CDN/media/entity/get/FilmPosterGraphic/HO00002580?referenceScheme=HeadOffice&allowPlaceHolder=true&height=500','Dmitriy Suvorov','Nadezhda Kaleganova, Viktor Dobronravov',2,'2023-03-31','Cặp vợ chồng mới cưới Larisa và Vladimir trở về nhà từ tuần trăng mật ở Blagoveshchensk và bị va chạm máy bay, Larisa phải vật lộn với cái đói cái lạnh và động vật hoang dã săn mồi. Liệu Larisa có tìm được vị hôn phu và cùng sống sót trở về ?','Nhật Bản',5,'THE ONE','Drama',96,'https://www.youtube.com/embed/e7KHOQ-alqY','sắp chiếu',16,1,'2023-06-20','3D'),(53,'http://booking.bhdstar.vn/CDN/media/entity/get/FilmPosterGraphic/HO00002611?referenceScheme=HeadOffice&allowPlaceHolder=true&height=500','Young-Keun Min','Kim Da-Mi, Woo-Seok Byeon',2,'2023-03-24','Mi So và Ha Eun trong một mối quan hệ chồng chéo chất chứa những hạnh phúc, rung động và biệt ly. Từ giây phút gặp nhau , hai cô gái đã hình thành sợi dây liên kết đặc biệt nhưng mối quan hệ của họ rạn nứt khi một chàng trai xuất hiện...','Nhật Bản',5,'SOULMATE','Drama',124,'https://www.youtube.com/embed/pGAFcV97dpw','sắp chiếu',16,1,'2023-06-20','3D'),(54,'http://booking.bhdstar.vn/CDN/media/entity/get/FilmPosterGraphic/HO00002676?referenceScheme=HeadOffice&allowPlaceHolder=true&height=500','Hà Lệ Diễm','Má Thị Di',2,'2023-03-17','Di, một cô gái trẻ nhiệt huyết đến từ cộng đồng người Mông bị mắc kẹt giữa truyền thống \"kéo vợ\" và mong muốn được tiếp tục sống thời thơ ấu và đến trường đi học , liệu với trái tim trong sáng ấy , Di sẽ đối diện với xã hội ấy như thế nào...?\r\n','Nhật Bản',5,'NHỮNG ĐỨA TRẺ TRONG SƯƠNG','Documentary',93,'https://www.youtube.com/embed/SRdCWLCPOrc','sắp chiếu',16,NULL,'2023-06-20','3D'),(55,'http://booking.bhdstar.vn/CDN/media/entity/get/FilmPosterGraphic/HO00002593?referenceScheme=HeadOffice&allowPlaceHolder=true&height=500','Võ Thanh Hòa','Mạc Văn Khoa, Anh Tú',2,'2023-03-03','Khoa, một tên lừa đảo tới Phú Quốc với mục tiêu đổi đời. Không ngờ đây là sân nhà của Tú, một tên lừa đảo chuyên nghiệp, cả hai bắt tay cùng thực hiện một phi vụ siêu lớn và mục tiêu là các quý bà giàu có và đam mê sự nổi tiếng','Nhật Bản',5,'SIÊU LỪA GẶP SIÊU LẦY','Comedy',112,'https://www.youtube.com/embed/xy8RznX_uyM','sắp chiếu',16,2,'2023-06-20','3D'),(56,'http://booking.bhdstar.vn/CDN/media/entity/get/FilmPosterGraphic/HO00002670?referenceScheme=HeadOffice&allowPlaceHolder=true&height=500','Ben  Affleck','Viola Davis',1,'2023-04-14','Bí mật trong mối quan hệ hợp tác lịch sử giữa Nike và một vận động viên bóng rổ vĩ đại.Cả hai đã cho ra mắt thương hiệu Air Jordan đình đám và theo chân Sonny Vaccaro- saleman của Nike trong hành trình tiếp cận và đánh cược cả sự nghiệp vào Michael Jordan','Nhật Bản',5,'AIR','Drama',112,'https://www.youtube.com/embed/JwjjIoTiv5k','sắp chiếu',16,2,'2023-06-20','3D'),(57,'http://booking.bhdstar.vn/CDN/media/entity/get/FilmPosterGraphic/HO00002650?referenceScheme=HeadOffice&allowPlaceHolder=true&height=500','Vũ  Ngọc Đãng','Thái Hòa, Thu  Trang',1,'2023-04-28','Là câu chuyện của Nhót - Người phụ nữ \"chưa kịp già\" đã sắp bị mãn kinh, vội vàng đi tìm chồng. Nhưng sâu thẳm trong cô là khao khát muốn có một đứa con và luôn muốn hàn gắn với người cha suốt ngày say xỉn của mình','Nhật Bản',5,'CHUYỆN XÓM TUI : CON NHÓT MÓT CHỒNG','Comedy',100,'https://www.youtube.com/embed/qehxOMR-rFQ','sắp chiếu',16,2,'2023-06-20','3D'),(58,'http://booking.bhdstar.vn/CDN/media/entity/get/FilmPosterGraphic/HO00002629?referenceScheme=HeadOffice&allowPlaceHolder=true&height=500','John Francis Daley','Chris Pine, Michelle Rodriguez',1,'2023-04-21','Theo chân một tên trộm quyến rũ và một nhóm những kẻ bịp bợm nghiệp dư thực hiện vụ trộm sử thi nhằm lấy lại một di vật đã mất, nhưng mọi thứ trở nên nguy hiểm khó lường hơn bao giờ hết khi họ đã chạm trám nhầm người...','Nhật Bản',5,'DUNGEONS & DRAGONS: HONOR AMONG THIEVES ','Adventure',134,'https://www.youtube.com/embed/iTZJ-uwIZxg','sắp chiếu',16,2,'2023-06-20','3D'),(59,'http://booking.bhdstar.vn/CDN/media/entity/get/FilmPosterGraphic/HO00002677?referenceScheme=HeadOffice&allowPlaceHolder=true&height=500','Peter Sohn','Leah Lewis, Mamoudou Athie',1,'2023-06-16','Ember, một cô nàng cá tính, thông minh, mạnh mẽ và đầy sức hút. Tuy nhiên mối quan hệ của cô với Wade- một anh chàng hài hước, luôn thuận thế đẩy dòng - khiến Ember cảm thấy ngờ vực với thế giới này...','Nhật Bản',5,'ELEMENTAL','Animation',93,'https://www.youtube.com/embed/K19bf6ButD4','sắp chiếu',16,2,'2023-06-20','3D'),(60,'http://booking.bhdstar.vn/CDN/media/entity/get/FilmPosterGraphic/HO00002647?referenceScheme=HeadOffice&allowPlaceHolder=true&height=500','James  Gunn','Chris  Pratt, Zoe Saldana',1,'2023-05-03','Cho dù vũ trụ này có bao la đến đâu, các Vệ Binh của chúng ta cũng không thể trốn chạy mãi mãi...','Nhật Bản',5,'GUARDIANS OF THE GALAXY 3','Adventure',119,'https://www.youtube.com/watch?v=Pp6reH8bpZ8','sắp chiếu',16,2,'2023-06-20','3D'),(61,'http://booking.bhdstar.vn/CDN/media/entity/get/FilmPosterGraphic/HO00002653?referenceScheme=HeadOffice&allowPlaceHolder=true&height=500','Lý  Hải','Duy Khánh, Quốc Cường',1,'2023-04-28','Nhóm bạn thân lâu năm bất ngờ nhận được cơ hội đổi đời khi biết tấm vé của cả nhóm trúng giải độc đắc 136.8 tỷ. Đột nhiên An,người giữ tấm vé bất ngờ qua đời, liệu trong hành trình tìm kiếm và chia chác món tiền trong mơ béo bở này sẽ đưa cả nhóm đến đâu?','Nhật Bản',5,'LẬT MẶT 6','Action',132,'https://www.youtube.com/watch?v=tpjjd7usfnA','sắp chiếu',16,3,'2023-06-20','3D'),(62,'http://booking.bhdstar.vn/CDN/media/entity/get/FilmPosterGraphic/HO00002651?referenceScheme=HeadOffice&allowPlaceHolder=true&height=500','HÙng Anh','Riku Hagiwara, Yusei Yagi',1,'2023-04-14','Hira, 17 tuổi, cố gắng ẩn mình ở trường, không bao giờ muốn phơi bày tật nói lắp của mình với các bạn cùng lớp. Anh ấy nhìn thế giới qua ống kính máy ảnh của mình, cho đến một ngày Kiyoi Sou bước qua cửa lớp...','Nhật Bản',5,'MY BEAUTIFUL MAN MOVIE: SPECIAL EDITION','Drama',98,'https://www.youtube.com/embed/3MKRzG9k76Q','sắp chiếu',16,3,'2023-06-20','3D 2D'),(63,'http://booking.bhdstar.vn/CDN/media/entity/get/FilmPosterGraphic/HO00002656?referenceScheme=HeadOffice&allowPlaceHolder=true&height=500','Chris McKay','Nicolas  Cage, Nicholas Hoult',1,'2023-04-14','Renfield bị buộc phải bắt con mồi về cho chủ nhân và thực hiện mọi mệnh lệnh, kể cả những việc nhục nhã. Nhưng giờ đây, sau nhiều thế kỷ làm nô lệ, Renfield đã sẵn sàng để khám phá cuộc sống bên ngoài cái bóng của Hoàng Tử Bóng Đêm...','Nhật Bản',5,'RENFIELD','Horror',95,'https://www.youtube.com/watch?v=_hO0vGwqClM','sắp chiếu',16,3,'2023-06-20','3D 2D'),(64,'http://booking.bhdstar.vn/CDN/media/entity/get/FilmPosterGraphic/HO00002666?referenceScheme=HeadOffice&allowPlaceHolder=true&height=500','Alessandro Antonaci','Daniel Lascar',1,'2023-04-21','Trở về nhà sau mất mát của cha mẹ, Emma vô tình giải phóng những linh hồn quá khứ mắc kẹt trong chiếc radio cổ. Vô số câu chuyện bí ẩn lần lượt được vạch trần, liệu Emma sẽ tỉnh táo đối mặt hay cô sẽ bị nhấn chìm bởi quỹ dữ ?','Nhật Bản',5,'SOUND OF SILENCE','Horror',93,'https://www.youtube.com/embed/GAM3Pj__H-U','sắp chiếu',16,3,'2023-06-20','3D 2D'),(65,'../assets/IMG_5148.JPG','Andy  Muschietti','Ben  Affleck, Michael Shannon',NULL,'2023-06-16','Mùa hè này, đa thế giới sẽ va chạm khốc liệt với những bước chạy của FLASH','Nhật Bản',5,'THE FLASH ','Action',120,'https://www.youtube.com/watch?v=uXhf8LJq55Q','sắp chiếu',16,3,NULL,'3D 2D'),(66,'http://booking.bhdstar.vn/CDN/media/entity/get/FilmPosterGraphic/HO00002674?referenceScheme=HeadOffice&allowPlaceHolder=true&height=500','Lawrence Fowler','Michaela Longden, Rebecca Phillipson',1,'2023-04-14','Bí ẩn về cái chết của em gái Evie 20 năm trước, vào lúc 09:09 hằng đêm, hàng loạt cuộc chạm trán kinh hoàng xảy ra. Liệu Margot có biết được sự thật ai là kẻ giết em gái mình?\r\n','Việt Nam',5,'THE GHOST WITHIN','Horror',103,'https://www.youtube.com/watch?v=p_Ppe-2_Vh8','sắp chiếu',16,3,'2023-06-20','3D 2D'),(67,'http://booking.bhdstar.vn/CDN/media/entity/get/FilmPosterGraphic/HO00002678?referenceScheme=HeadOffice&allowPlaceHolder=true&height=500','Steven Caple Jr.','Michelle Yeoh, Dominique Fishback',1,'2023-06-09','Bộ phim dựa trên sự kiện Beast Wars trong loạt phim hoạt hình \"Transformers\", nơi mà các robot có khả năng biến thành động vật khổng lồ cùng chiến đấu chống lại một mối đe dọa tiềm tàng','Việt Nam',5,'TRANSFORMERS: RISE OF THE BEASTS','Action',112,'https://www.youtube.com/watch?v=gR2pkm9XVAY','sắp chiếu',16,3,'2023-06-20','3D 2D'),(68,'http://booking.bhdstar.vn/CDN/media/entity/get/FilmPosterGraphic/HO00002665?referenceScheme=HeadOffice&allowPlaceHolder=true&height=500','Julius Avery','Russell Crowe, Daniel Zovatto',1,'2023-04-14','Từ những hồ sơ có thật của Cha Gabriele Amorth, Trưởng Trừ Tà của Vatican, \"The Popes Exorcist\" theo chân Amorth trong cuộc điều tra về vụ quỷ ám kinh hoàng của một cậu bé và dần khám phá ra những bí mật hàng thế kỉ mà Vatican đã cố giấu kín...','Việt Nam',5,'THE POPES EXORCIST','Horror',104,'https://www.youtube.com/embed/MagrY1rpOT4','sắp chiếu',16,2,'2023-06-20','3D 2D'),(69,'http://booking.bhdstar.vn/CDN/media/entity/get/FilmPosterGraphic/HO00002663?referenceScheme=HeadOffice&allowPlaceHolder=true&height=500','MỸ TÂM','Ca sĩ Mỹ Tâm',1,'2023-04-08','Mỹ Tâm sẽ phác họa chân thực toàn bộ những diễn biến tâm lý và cảm xúc thăng trầm cùng những thăng hoa trong suốt quá trình thực hiện Liveshow \"Tri Âm\" lịch sử bằng những thước phim quý giá được quay lại trong 2 năm...','Việt Nam',5,'NGƯỜI GIỮ THỜI GIAN : TRI ÂM ','Musical',106,'https://www.youtube.com/embed/8BdO_M8bUZo','sắp chiếu',16,2,'2023-06-20','3D 2D'),(70,'../assets/IMG_4973.JPG','21','21',NULL,'21','21','21',21,'21','21',21,'21','21',21,NULL,NULL,'21');
/*!40000 ALTER TABLE `phim` ENABLE KEYS */;
UNLOCK TABLES;

--
-- Table structure for table `phim_rap`
--

DROP TABLE IF EXISTS `phim_rap`;
/*!40101 SET @saved_cs_client     = @@character_set_client */;
 SET character_set_client = utf8mb4 ;
CREATE TABLE `phim_rap` (
  `phim_id` bigint(20) NOT NULL,
  `rap_id` bigint(20) NOT NULL,
  PRIMARY KEY (`phim_id`,`rap_id`),
  KEY `FKp4mn23gweqd1xeubwxgmllofl` (`rap_id`),
  CONSTRAINT `FKp4mn23gweqd1xeubwxgmllofl` FOREIGN KEY (`rap_id`) REFERENCES `rap` (`id`),
  CONSTRAINT `FKpwu5erqlmtqbg63oqlh0s6r0h` FOREIGN KEY (`phim_id`) REFERENCES `phim` (`id`)
) ENGINE=InnoDB DEFAULT CHARSET=utf8mb4 COLLATE=utf8mb4_0900_ai_ci;
/*!40101 SET character_set_client = @saved_cs_client */;

--
-- Dumping data for table `phim_rap`
--

LOCK TABLES `phim_rap` WRITE;
/*!40000 ALTER TABLE `phim_rap` DISABLE KEYS */;
/*!40000 ALTER TABLE `phim_rap` ENABLE KEYS */;
UNLOCK TABLES;

--
-- Table structure for table `phongchieu`
--

DROP TABLE IF EXISTS `phongchieu`;
/*!40101 SET @saved_cs_client     = @@character_set_client */;
 SET character_set_client = utf8mb4 ;
CREATE TABLE `phongchieu` (
  `id` bigint(20) NOT NULL AUTO_INCREMENT,
  `tenphong` varchar(50) NOT NULL,
  `trangthai` varchar(50) DEFAULT NULL,
  `idrap` bigint(20) DEFAULT NULL,
  PRIMARY KEY (`id`),
  KEY `FKpfchyidcrvrlhb4ts3esluqs2` (`idrap`),
  CONSTRAINT `FKpfchyidcrvrlhb4ts3esluqs2` FOREIGN KEY (`idrap`) REFERENCES `rap` (`id`)
) ENGINE=InnoDB AUTO_INCREMENT=57 DEFAULT CHARSET=utf8mb4 COLLATE=utf8mb4_0900_ai_ci;
/*!40101 SET character_set_client = @saved_cs_client */;

--
-- Dumping data for table `phongchieu`
--

LOCK TABLES `phongchieu` WRITE;
/*!40000 ALTER TABLE `phongchieu` DISABLE KEYS */;
INSERT INTO `phongchieu` VALUES (1,'c18','Hoạt động',1),(2,'c13','Hoạt động',1),(3,'c14','Hoạt động',1),(4,'c64','Hoạt động',1),(5,'c18','Hoạt động',2),(6,'c13','Hoạt động',2),(7,'c14','Hoạt động',2),(8,'c64','Hoạt động',2),(9,'c18','Hoạt động',3),(10,'c13','Hoạt động',3),(11,'c14','Hoạt động',3),(12,'c64','Hoạt động',3),(13,'c18','Hoạt động',4),(14,'c13','Hoạt động',4),(15,'c14','Hoạt động',4),(16,'c64','Hoạt động',4),(17,'c18','Hoạt động',5),(18,'c13','Hoạt động',5),(19,'c14','Hoạt động',5),(20,'c64','Hoạt động',5),(21,'c18','Hoạt động',6),(22,'c13','Hoạt động',6),(23,'c14','Hoạt động',6),(24,'c64','Hoạt động',6),(25,'c18','Hoạt động',7),(26,'c13','Hoạt động',7),(27,'c14','Hoạt động',7),(28,'c64','Hoạt động',7),(29,'c18','Hoạt động',8),(30,'c13','Hoạt động',8),(31,'c14','Hoạt động',8),(32,'c64','Hoạt động',8),(33,'c18','Hoạt động',9),(34,'c13','Hoạt động',9),(35,'c14','Hoạt động',9),(36,'c64','Hoạt động',9),(37,'c18','Hoạt động',10),(38,'c13','Hoạt động',10),(39,'c14','Hoạt động',10),(40,'c64','Hoạt động',10),(41,'c18','Hoạt động',11),(42,'c13','Hoạt động',11),(43,'c14','Hoạt động',11),(44,'c64','Hoạt động',11),(45,'c18','Hoạt động',12),(46,'c13','Hoạt động',12),(47,'c14','Hoạt động',12),(48,'c64','Hoạt động',12),(49,'c18','Hoạt động',13),(50,'c13','Hoạt động',13),(51,'c14','Hoạt động',13),(52,'c64','Hoạt động',13),(53,'c18','Hoạt động',14),(54,'c13','Hoạt động',14),(55,'c14','Hoạt động',14),(56,'c64','Hoạt động',14);
/*!40000 ALTER TABLE `phongchieu` ENABLE KEYS */;
UNLOCK TABLES;
/*!50003 SET @saved_cs_client      = @@character_set_client */ ;
/*!50003 SET @saved_cs_results     = @@character_set_results */ ;
/*!50003 SET @saved_col_connection = @@collation_connection */ ;
/*!50003 SET character_set_client  = utf8mb4 */ ;
/*!50003 SET character_set_results = utf8mb4 */ ;
/*!50003 SET collation_connection  = utf8mb4_0900_ai_ci */ ;
/*!50003 SET @saved_sql_mode       = @@sql_mode */ ;
/*!50003 SET sql_mode              = 'STRICT_TRANS_TABLES,NO_ENGINE_SUBSTITUTION' */ ;
DELIMITER ;;
/*!50003 CREATE*/ /*!50017 DEFINER=`root`@`localhost`*/ /*!50003 TRIGGER `insert_hangghe` AFTER INSERT ON `phongchieu` FOR EACH ROW BEGIN
    INSERT INTO `hangghe` (`tenhangghe`, `idphong`)
    VALUES ('H1', NEW.id),
           ('H2', NEW.id),
           ('H3', NEW.id),
           ('H4', NEW.id),
           ('H5', NEW.id);
END */;;
DELIMITER ;
/*!50003 SET sql_mode              = @saved_sql_mode */ ;
/*!50003 SET character_set_client  = @saved_cs_client */ ;
/*!50003 SET character_set_results = @saved_cs_results */ ;
/*!50003 SET collation_connection  = @saved_col_connection */ ;

--
-- Table structure for table `rap`
--

DROP TABLE IF EXISTS `rap`;
/*!40101 SET @saved_cs_client     = @@character_set_client */;
 SET character_set_client = utf8mb4 ;
CREATE TABLE `rap` (
  `id` bigint(20) NOT NULL AUTO_INCREMENT,
  `diachi` varchar(50) NOT NULL,
  `img_rap` varchar(255) DEFAULT NULL,
  `tenrap` varchar(50) NOT NULL,
  `idtinhthanh` bigint(20) DEFAULT NULL,
  `trangthai` varchar(255) DEFAULT NULL,
  PRIMARY KEY (`id`),
  KEY `FKaivanv3axlfh53mfqvunec0rt` (`idtinhthanh`),
  CONSTRAINT `FKaivanv3axlfh53mfqvunec0rt` FOREIGN KEY (`idtinhthanh`) REFERENCES `tinhthanh` (`id`)
) ENGINE=InnoDB AUTO_INCREMENT=18 DEFAULT CHARSET=utf8mb4 COLLATE=utf8mb4_0900_ai_ci;
/*!40101 SET character_set_client = @saved_cs_client */;

--
-- Dumping data for table `rap`
--

LOCK TABLES `rap` WRITE;
/*!40000 ALTER TABLE `rap` DISABLE KEYS */;
INSERT INTO `rap` VALUES (1,'d1 hàng long q9 hcm','https://cdn.galaxycine.vn/media/2019/5/6/rapgiave-hinhrap-camau-01_1557128016683.jpg','galaxy bình tân',1,'hoạt động'),(2,'d13 hàng long22 q10 hcm','https://cdn.galaxycine.vn/media/2019/5/6/rapgiave-hinhrap-camau-03_1557128024900.jpg','galaxy bình thuận',1,'hoạt động'),(3,'d15 hàng long44 q21 hcm','https://cdn.galaxycine.vn/media/2019/5/6/rapgiave-hinhrap-camau-02_1557128259980.jpg','galaxy bình chánh',1,'hoạt động'),(4,'d1 hàng long q9 hà nội','https://cdn.galaxycine.vn/media/2019/5/6/rapgiave-hinhrap-camau-01_1557128016683.jpg','galaxy bình xịn',2,'hoạt động'),(5,'d1 hàng long q10 hà nội','https://cdn.galaxycine.vn/media/2019/5/6/rapgiave-hinhrap-camau-02_1557128259980.jpg','galaxy bình phúc',2,'hoạt động'),(6,'d1 hàng long q29 đà nẵng','https://cdn.galaxycine.vn/media/2019/5/6/rapgiave-hinhrap-camau-01_1557128016683.jpg','galaxy bình xuân',3,'hoạt động'),(7,'d1 hàng long q9 đà nẵng','https://cdn.galaxycine.vn/media/2019/5/6/rapgiave-hinhrap-camau-02_1557128259980.jpg','galaxy bình hạ',3,'hoạt động'),(8,'d1 hàng long q29 Hải phòng','https://cdn.galaxycine.vn/media/2019/5/6/rapgiave-hinhrap-camau-01_1557128016683.jpg','galaxy bình xuân 1',4,'hoạt động'),(9,'d1 hàng long q29 Hải phòng','https://cdn.galaxycine.vn/media/2019/5/6/rapgiave-hinhrap-camau-03_1557128024900.jpg','galaxy bình xuân 2',4,'hoạt động'),(10,'d1 hàng long q29 Hải phòng','https://cdn.galaxycine.vn/media/2019/5/6/rapgiave-hinhrap-camau-02_1557128259980.jpg','galaxy bình xuân 3',4,'hoạt động'),(11,'d1 hàng long q29 buôn ma thuật','https://cdn.galaxycine.vn/media/2019/5/6/rapgiave-hinhrap-camau-02_1557128259980.jpg','galaxy bình xuân 4',5,'hoạt động'),(12,'d1 hàng long q29 buôn ma thuật','https://cdn.galaxycine.vn/media/2019/5/6/rapgiave-hinhrap-camau-01_1557128016683.jpg','galaxy bình xuân 5',5,'hoạt động'),(13,'d1 hàng long q29 nha trang','https://cdn.galaxycine.vn/media/2019/5/6/rapgiave-hinhrap-camau-01_1557128016683.jpg','galaxy bình xuân 6',6,'hoạt động'),(14,'d1 hàng long q29 nha trang','https://cdn.galaxycine.vn/media/2019/5/6/rapgiave-hinhrap-camau-03_1557128024900.jpg','galaxy bình xuân7',6,'hoạt động'),(17,'d1 hàng long q9 Ha noi bb','https://cdn.galaxycine.vn/media/2019/5/6/rapgiave-hinhrap-camau-03_1557128024900.jpg','galaxy bình tân okok',4,'ngưng hoạt động');
/*!40000 ALTER TABLE `rap` ENABLE KEYS */;
UNLOCK TABLES;
/*!50003 SET @saved_cs_client      = @@character_set_client */ ;
/*!50003 SET @saved_cs_results     = @@character_set_results */ ;
/*!50003 SET @saved_col_connection = @@collation_connection */ ;
/*!50003 SET character_set_client  = utf8mb4 */ ;
/*!50003 SET character_set_results = utf8mb4 */ ;
/*!50003 SET collation_connection  = utf8mb4_0900_ai_ci */ ;
/*!50003 SET @saved_sql_mode       = @@sql_mode */ ;
/*!50003 SET sql_mode              = 'STRICT_TRANS_TABLES,NO_ENGINE_SUBSTITUTION' */ ;
DELIMITER ;;
/*!50003 CREATE*/ /*!50017 DEFINER=`root`@`localhost`*/ /*!50003 TRIGGER `insert_phongchieu` AFTER INSERT ON `rap` FOR EACH ROW BEGIN
    INSERT INTO `phongchieu` (`tenphong`, `idrap`, `trangthai`)
    VALUES ('Phòng 1', NEW.id, 'hoạt động'),
           ('Phòng 2', NEW.id, 'hoạt động'),
           ('Phòng 3', NEW.id, 'hoạt động'),
           ('Phòng 4', NEW.id, 'hoạt động'),
           ('Phòng 5', NEW.id, 'hoạt động');
END */;;
DELIMITER ;
/*!50003 SET sql_mode              = @saved_sql_mode */ ;
/*!50003 SET character_set_client  = @saved_cs_client */ ;
/*!50003 SET character_set_results = @saved_cs_results */ ;
/*!50003 SET collation_connection  = @saved_col_connection */ ;

--
-- Table structure for table `roles`
--

DROP TABLE IF EXISTS `roles`;
/*!40101 SET @saved_cs_client     = @@character_set_client */;
 SET character_set_client = utf8mb4 ;
CREATE TABLE `roles` (
  `id` bigint(20) NOT NULL AUTO_INCREMENT,
  `name` varchar(60) DEFAULT NULL,
  PRIMARY KEY (`id`),
  UNIQUE KEY `UK_nb4h0p6txrmfc0xbrd1kglp9t` (`name`)
) ENGINE=InnoDB AUTO_INCREMENT=6 DEFAULT CHARSET=utf8mb4 COLLATE=utf8mb4_0900_ai_ci;
/*!40101 SET character_set_client = @saved_cs_client */;

--
-- Dumping data for table `roles`
--

LOCK TABLES `roles` WRITE;
/*!40000 ALTER TABLE `roles` DISABLE KEYS */;
INSERT INTO `roles` VALUES (1,NULL),(2,NULL),(3,NULL),(5,'ADMIN'),(4,'USER');
/*!40000 ALTER TABLE `roles` ENABLE KEYS */;
UNLOCK TABLES;

--
-- Table structure for table `suatchieu`
--

DROP TABLE IF EXISTS `suatchieu`;
/*!40101 SET @saved_cs_client     = @@character_set_client */;
 SET character_set_client = utf8mb4 ;
CREATE TABLE `suatchieu` (
  `id` bigint(20) NOT NULL AUTO_INCREMENT,
  `info` varchar(255) DEFAULT NULL,
  `ngaychieu` varchar(255) DEFAULT NULL,
  `thoigian` varchar(255) NOT NULL,
  `idphim` bigint(20) DEFAULT NULL,
  `idphongchieu` bigint(20) DEFAULT NULL,
  `idrap` bigint(20) DEFAULT NULL,
  PRIMARY KEY (`id`),
  KEY `FK7m3ihsc3m9hnb43fqsng7eikg` (`idphim`),
  KEY `FKp3iglgaju5yfmagbk8e9phau4` (`idphongchieu`),
  KEY `FK3p4nikva1cyyq9fl0ljjyf6wl` (`idrap`),
  CONSTRAINT `FK3p4nikva1cyyq9fl0ljjyf6wl` FOREIGN KEY (`idrap`) REFERENCES `rap` (`id`),
  CONSTRAINT `FK7m3ihsc3m9hnb43fqsng7eikg` FOREIGN KEY (`idphim`) REFERENCES `phim` (`id`),
  CONSTRAINT `FKp3iglgaju5yfmagbk8e9phau4` FOREIGN KEY (`idphongchieu`) REFERENCES `phongchieu` (`id`)
) ENGINE=InnoDB AUTO_INCREMENT=612213 DEFAULT CHARSET=utf8mb4 COLLATE=utf8mb4_0900_ai_ci;
/*!40101 SET character_set_client = @saved_cs_client */;

--
-- Dumping data for table `suatchieu`
--

LOCK TABLES `suatchieu` WRITE;
/*!40000 ALTER TABLE `suatchieu` DISABLE KEYS */;
INSERT INTO `suatchieu` VALUES (61,'sắp chiếu','2022-10-07','05:58',1,13,14),(62,'sắp chiếu','2022-10-07','10:09',1,13,14),(63,'sắp chiếu','2022-10-07','05:27',1,13,14),(64,'sắp chiếu','2022-07-31','06:48',1,13,14),(68,'sắp chiếu','2022-11-30','06:56',1,12,10),(572,'sắp chiếu','2022-11-11','06:19',4,3,14),(592,'sắp chiếu','2022-04-30','07:43',43,24,10),(610,'sắp chiếu','2022-07-31','08:32',1,13,14),(612,'sắp chiếu','2022-02-01','05:46',1,12,10),(613,'sắp chiếu','2022-02-01','09:06',1,12,10),(617,'sắp chiếu','2022-02-01','06:59',1,12,10),(618,'sắp chiếu','2022-11-11','05:14',1,12,10),(620,'sắp chiếu','2022-11-11','00:48',1,12,10),(621,'sắp chiếu','2022-11-11','14:31',1,12,10),(622,'sắp chiếu','2022-11-11','07:21',1,12,10),(623,'sắp chiếu','2022-12-21','07:12',1,12,10),(624,'sắp chiếu','2022-12-21','01:36',1,12,10),(625,'sắp chiếu','2022-12-21','22:32',1,12,10),(626,'sắp chiếu','2022-12-21','21:21',1,12,10),(627,'sắp chiếu','2022-07-31','00:30',1,13,14),(628,'sắp chiếu','2022-07-31','05:29',1,13,14),(650,'sắp chiếu','2022-02-01','07:53',1,12,10),(651,'sắp chiếu','2022-11-30','08:14',1,12,10),(652,'sắp chiếu','2022-11-30','22:35',1,12,10),(5686,'sắp chiếu','2022-02-23','06:48',2,1,13),(5687,'sắp chiếu','2022-02-23','12:34',2,1,13),(5688,'sắp chiếu','2022-02-23','08:42',2,1,13),(5689,'sắp chiếu','2022-02-23','11:28',2,1,13),(5691,'sắp chiếu','2022-12-08','03:56',2,1,13),(5692,'sắp chiếu','2022-12-08','24:08',2,1,13),(5693,'sắp chiếu','2022-12-08','10:29',2,1,13),(5694,'sắp chiếu','2022-10-31','05:25',2,1,13),(5695,'sắp chiếu','2022-10-31','09:19',2,1,13),(5696,'sắp chiếu','2022-10-31','04:30',2,1,13),(5697,'sắp chiếu','2022-10-31','06:01',2,1,13),(5702,'sắp chiếu','2022-08-25','07:21',2,1,14),(5703,'sắp chiếu','2022-08-25','05:54',2,1,14),(5704,'sắp chiếu','2022-08-25','05:41',2,1,14),(5705,'sắp chiếu','2022-08-25','12:21',2,1,14),(5706,'sắp chiếu','2022-08-30','08:46',2,1,14),(5707,'sắp chiếu','2022-08-30','01:26',2,1,14),(5708,'sắp chiếu','2022-08-30','08:18',2,1,14),(5709,'sắp chiếu','2022-08-30','05:25',2,1,14),(5710,'sắp chiếu','2022-05-30','10:14',2,1,14),(5711,'sắp chiếu','2022-05-30','05:43',2,1,14),(5712,'sắp chiếu','2022-05-30','10:16',2,1,14),(5714,'sắp chiếu','2022-10-30','20:26',2,1,14),(5715,'sắp chiếu','2022-10-30','07:26',2,1,14),(5716,'sắp chiếu','2022-10-30','05:28',2,1,14),(5717,'sắp chiếu','2022-10-30','00:52',2,1,14),(5718,'sắp chiếu','2022-04-17','10:34',3,2,10),(5719,'sắp chiếu','2022-04-17','06:19',3,2,10),(5720,'sắp chiếu','2022-04-17','08:55',3,2,10),(5721,'sắp chiếu','2022-04-17','12:03',3,2,10),(5722,'sắp chiếu','2022-10-27','07:17',3,2,10),(5723,'sắp chiếu','2022-10-27','05:39',3,2,10),(5724,'sắp chiếu','2022-10-27','00:01',3,2,10),(5725,'sắp chiếu','2022-10-27','07:53',3,2,10),(5726,'sắp chiếu','2022-11-10','09:23',3,2,10),(5727,'sắp chiếu','2022-11-10','05:47',3,2,10),(5728,'sắp chiếu','2022-11-10','12:43',3,2,10),(5729,'sắp chiếu','2022-11-10','07:49',3,2,10),(5730,'sắp chiếu','2022-03-30','06:43',3,2,10),(5731,'sắp chiếu','2022-03-30','22:09',3,2,10),(5732,'sắp chiếu','2022-03-30','09:05',3,2,10),(5733,'sắp chiếu','2022-03-30','11:35',3,2,10),(5734,'sắp chiếu','2022-10-23','23:28',4,2,2),(5735,'sắp chiếu','2022-10-23','09:41',4,2,2),(5736,'sắp chiếu','2022-10-23','06:17',4,2,2),(5737,'sắp chiếu','2022-10-23','09:49',4,2,2),(5738,'sắp chiếu','2022-06-14','20:03',4,2,1),(5739,'sắp chiếu','2022-06-14','06:58',4,2,1),(5740,'sắp chiếu','2022-06-14','09:55',4,2,1),(5741,'sắp chiếu','2022-06-14','08:09',4,2,1),(5742,'sắp chiếu','2022-05-27','03:13',4,2,1),(5743,'sắp chiếu','2022-05-27','22:35',4,2,2),(5744,'sắp chiếu','2022-05-27','07:19',4,2,1),(5745,'sắp chiếu','2022-05-27','23:43',4,2,2),(5746,'sắp chiếu','2022-09-19','09:54',4,2,2),(5747,'sắp chiếu','2022-09-19','10:08',4,2,2),(5748,'sắp chiếu','2022-09-19','06:56',4,2,2),(5749,'sắp chiếu','2022-09-19','12:46',4,2,2),(5750,'sắp chiếu','2022-01-26','24:49',4,3,13),(5751,'sắp chiếu','2022-01-26','13:45',4,3,3),(5752,'sắp chiếu','2022-01-26','03:17',4,3,3),(5753,'sắp chiếu','2022-01-26','11:23',4,3,3),(5754,'sắp chiếu','2022-07-19','24:34',4,3,3),(5755,'sắp chiếu','2022-07-19','02:05',4,3,3),(5756,'sắp chiếu','2022-07-19','22:17',4,3,3),(5757,'sắp chiếu','2022-07-19','06:32',4,3,13),(5758,'sắp chiếu','2022-12-06','07:50',4,3,4),(5759,'sắp chiếu','2022-12-06','09:30',4,3,4),(5760,'sắp chiếu','2022-12-06','09:17',4,3,4),(5761,'sắp chiếu','2022-12-06','20:53',4,3,4),(5762,'sắp chiếu','2022-12-12','06:32',4,3,4),(5763,'sắp chiếu','2022-12-12','06:35',4,3,13),(5764,'sắp chiếu','2022-12-12','00:31',4,3,13),(5765,'sắp chiếu','2022-12-12','06:26',4,3,13),(5766,'sắp chiếu','2022-11-05','06:03',4,3,14),(5767,'sắp chiếu','2022-11-05','08:22',4,3,14),(5768,'sắp chiếu','2022-11-05','11:04',4,3,14),(5769,'sắp chiếu','2022-11-05','05:06',4,3,8),(5770,'sắp chiếu','2022-09-18','05:30',4,3,8),(5775,'sắp chiếu','2022-11-11','21:55',4,3,8),(5776,'sắp chiếu','2022-11-11','07:26',4,3,8),(5777,'sắp chiếu','2022-11-11','08:37',4,3,14),(5778,'sắp chiếu','2022-02-23','03:04',4,3,14),(5779,'sắp chiếu','2022-02-23','12:02',4,3,14),(5780,'sắp chiếu','2022-02-23','09:42',4,3,8),(5781,'sắp chiếu','2022-02-23','02:55',4,3,8),(5782,'sắp chiếu','2022-11-07','06:27',5,4,10),(5783,'sắp chiếu','2022-11-07','11:46',5,4,10),(5784,'sắp chiếu','2022-11-07','02:02',5,4,10),(5785,'sắp chiếu','2022-11-07','20:17',5,4,10),(5786,'sắp chiếu','2022-10-15','05:33',5,4,10),(5787,'sắp chiếu','2022-10-15','08:05',5,4,10),(5788,'sắp chiếu','2022-10-15','09:45',5,4,10),(5789,'sắp chiếu','2022-10-15','02:37',5,4,10),(5790,'sắp chiếu','2022-03-31','05:06',5,4,10),(5791,'sắp chiếu','2022-03-31','08:21',5,4,10),(5792,'sắp chiếu','2022-03-31','14:30',5,4,10),(5793,'sắp chiếu','2022-03-31','10:05',5,4,10),(5794,'sắp chiếu','2022-10-14','23:53',5,4,10),(5795,'sắp chiếu','2022-10-14','09:57',5,4,10),(5796,'sắp chiếu','2022-10-14','20:52',6,4,10),(5797,'sắp chiếu','2022-10-14','09:51',6,4,10),(5798,'sắp chiếu','2022-01-26','22:58',6,4,2),(5799,'sắp chiếu','2022-01-26','07:34',6,4,2),(5800,'sắp chiếu','2022-01-26','05:07',6,4,2),(5801,'sắp chiếu','2022-01-26','07:27',6,4,2),(5802,'sắp chiếu','2022-06-05','07:38',6,4,2),(5803,'sắp chiếu','2022-06-05','00:39',6,4,2),(5804,'sắp chiếu','2022-06-05','23:58',6,4,2),(5805,'sắp chiếu','2022-06-05','24:15',6,4,2),(5806,'sắp chiếu','2022-11-08','13:35',6,4,2),(5807,'sắp chiếu','2022-11-08','00:00',6,4,2),(5808,'sắp chiếu','2022-11-08','20:59',6,4,2),(5809,'sắp chiếu','2022-11-08','07:25',6,4,2),(5810,'sắp chiếu','2022-10-08','11:16',12,28,2),(5813,'sắp chiếu','2022-10-08','09:40',12,28,2),(5814,'sắp chiếu','2022-10-08','05:26',12,28,2),(5815,'sắp chiếu','2022-07-30','03:35',7,10,13),(5816,'sắp chiếu','2022-07-30','07:18',7,10,13),(5817,'sắp chiếu','2022-07-30','06:35',7,10,13),(5818,'sắp chiếu','2022-03-04','10:27',7,10,13),(5819,'sắp chiếu','2022-03-04','24:44',7,10,13),(5820,'sắp chiếu','2022-03-04','06:15',7,10,13),(5821,'sắp chiếu','2022-03-04','09:59',7,10,13),(5822,'sắp chiếu','2022-01-31','05:37',7,10,13),(5823,'sắp chiếu','2022-01-31','05:09',7,10,13),(5824,'sắp chiếu','2022-01-31','04:47',7,10,13),(5825,'sắp chiếu','2022-01-31','09:07',7,10,13),(5826,'sắp chiếu','2022-10-28','09:16',7,10,13),(5827,'sắp chiếu','2022-10-28','14:04',7,10,13),(5828,'sắp chiếu','2022-10-28','09:56',8,10,13),(5829,'sắp chiếu','2022-10-28','04:11',8,10,13),(5830,'sắp chiếu','2022-05-12','07:22',8,10,14),(5831,'sắp chiếu','2022-05-12','22:03',8,10,14),(5832,'sắp chiếu','2022-05-12','22:20',8,10,14),(5833,'sắp chiếu','2022-05-12','06:10',8,10,14),(5834,'sắp chiếu','2022-10-12','08:18',8,10,14),(5835,'sắp chiếu','2022-10-12','21:54',8,10,14),(5836,'sắp chiếu','2022-10-12','03:41',8,10,14),(5837,'sắp chiếu','2022-10-12','14:31',8,10,14),(5838,'sắp chiếu','2022-11-28','20:56',9,10,14),(5839,'sắp chiếu','2022-11-28','11:55',9,10,14),(5840,'sắp chiếu','2022-11-28','14:59',9,10,14),(5841,'sắp chiếu','2022-11-28','08:49',9,10,14),(5842,'sắp chiếu','2022-12-16','05:51',9,10,14),(5843,'sắp chiếu','2022-12-16','10:22',9,10,14),(5844,'sắp chiếu','2022-12-16','06:32',9,10,14),(5845,'sắp chiếu','2022-12-16','09:13',9,10,14),(5846,'sắp chiếu','2022-09-30','07:28',9,28,10),(5847,'sắp chiếu','2022-09-30','20:45',9,28,10),(5848,'sắp chiếu','2022-09-30','06:06',9,28,10),(5849,'sắp chiếu','2022-09-30','05:46',9,28,10),(5850,'sắp chiếu','2022-01-18','22:17',9,28,10),(5851,'sắp chiếu','2022-01-18','06:51',19,28,10),(5852,'sắp chiếu','2022-01-18','21:03',19,28,10),(5853,'sắp chiếu','2022-01-18','14:35',19,28,10),(5854,'sắp chiếu','2022-07-31','06:52',19,28,10),(5855,'sắp chiếu','2022-07-31','07:14',19,28,10),(5856,'sắp chiếu','2022-07-31','22:30',19,28,10),(5857,'sắp chiếu','2022-07-31','01:16',19,28,10),(5858,'sắp chiếu','2022-10-16','07:04',19,28,10),(5859,'sắp chiếu','2022-10-16','13:01',19,28,10),(5860,'sắp chiếu','2022-10-16','06:37',12,28,10),(5861,'sắp chiếu','2022-10-16','07:57',12,28,10),(5862,'sắp chiếu','2022-04-19','00:51',12,28,2),(5863,'sắp chiếu','2022-04-19','02:22',12,28,2),(5864,'sắp chiếu','2022-04-19','01:35',12,28,2),(5865,'sắp chiếu','2022-04-19','09:03',12,28,2),(5866,'sắp chiếu','2022-07-29','10:42',12,28,2),(5867,'sắp chiếu','2022-07-29','09:16',12,28,2),(5868,'sắp chiếu','2022-07-29','08:59',12,28,2),(5869,'sắp chiếu','2022-07-29','02:09',12,28,2),(5870,'sắp chiếu','2022-10-08','08:18',12,28,2),(5878,'sắp chiếu','2022-06-11','06:37',12,27,13),(5879,'sắp chiếu','2022-06-11','07:18',12,27,13),(5880,'sắp chiếu','2022-06-11','06:20',20,27,13),(5881,'sắp chiếu','2022-06-11','05:18',20,27,13),(5886,'sắp chiếu','2022-10-08','05:02',20,27,13),(5887,'sắp chiếu','2022-10-08','08:04',20,27,13),(5888,'sắp chiếu','2022-10-08','05:59',20,27,13),(5889,'sắp chiếu','2022-10-08','13:31',20,27,13),(5890,'sắp chiếu','2022-09-05','07:31',20,27,13),(5891,'sắp chiếu','2022-09-05','22:05',20,27,13),(5892,'sắp chiếu','2022-09-05','13:33',20,27,13),(5893,'sắp chiếu','2022-09-05','02:34',20,27,13),(5894,'sắp chiếu','2022-10-05','05:12',20,27,14),(5895,'sắp chiếu','2022-10-05','09:49',20,27,14),(5896,'sắp chiếu','2022-10-05','12:54',20,27,14),(5897,'sắp chiếu','2022-10-05','12:49',20,27,14),(5902,'sắp chiếu','2022-02-01','02:14',20,27,14),(5903,'sắp chiếu','2022-02-01','09:45',20,27,14),(5904,'sắp chiếu','2022-02-01','08:46',20,27,14),(5905,'sắp chiếu','2022-02-01','08:00',20,27,14),(5906,'sắp chiếu','2022-06-18','11:21',20,27,14),(5907,'sắp chiếu','2022-06-18','05:49',20,27,14),(5908,'sắp chiếu','2022-06-18','12:19',20,27,14),(5909,'sắp chiếu','2022-06-18','05:15',20,27,14),(5910,'sắp chiếu','2022-02-29','11:25',20,26,10),(5911,'sắp chiếu','2022-02-29','07:13',20,26,10),(5912,'sắp chiếu','2022-02-29','07:46',20,26,10),(5913,'sắp chiếu','2022-02-29','07:15',20,26,10),(5914,'sắp chiếu','2022-10-25','06:39',20,26,10),(5915,'sắp chiếu','2022-10-25','05:19',20,26,10),(5916,'sắp chiếu','2022-10-25','11:46',20,26,10),(5917,'sắp chiếu','2022-10-25','03:53',20,26,10),(5918,'sắp chiếu','2022-11-14','08:23',20,26,10),(5919,'sắp chiếu','2022-11-14','04:04',20,26,10),(5920,'sắp chiếu','2022-11-14','10:41',20,26,10),(5921,'sắp chiếu','2022-11-14','06:06',20,26,10),(5922,'sắp chiếu','2022-10-24','00:43',20,26,10),(5923,'sắp chiếu','2022-10-24','12:57',20,26,10),(5924,'sắp chiếu','2022-10-24','10:49',21,26,10),(5925,'sắp chiếu','2022-10-24','07:30',21,26,10),(5926,'sắp chiếu','2022-06-29','05:57',21,26,2),(5927,'sắp chiếu','2022-06-29','08:40',21,26,2),(5928,'sắp chiếu','2022-06-29','11:45',21,26,2),(5929,'sắp chiếu','2022-06-29','13:45',21,26,2),(5930,'sắp chiếu','2022-10-14','14:14',21,26,2),(5931,'sắp chiếu','2022-10-14','21:36',21,26,2),(5932,'sắp chiếu','2022-10-14','24:36',21,26,2),(5933,'sắp chiếu','2022-10-14','08:59',21,26,2),(5934,'sắp chiếu','2022-12-15','03:46',21,26,2),(5935,'sắp chiếu','2022-12-15','03:17',33,26,2),(5936,'sắp chiếu','2022-12-15','06:01',33,26,2),(5937,'sắp chiếu','2022-12-15','07:50',33,26,2),(5938,'sắp chiếu','2022-09-07','02:55',33,26,2),(5939,'sắp chiếu','2022-09-07','08:40',33,26,2),(5940,'sắp chiếu','2022-09-07','00:13',33,26,2),(5941,'sắp chiếu','2022-09-07','07:20',33,26,2),(5942,'sắp chiếu','2022-04-15','00:08',33,25,13),(5943,'sắp chiếu','2022-04-15','05:43',33,25,13),(5944,'sắp chiếu','2022-04-15','14:32',33,25,13),(5945,'sắp chiếu','2022-04-15','00:58',33,25,13),(5946,'sắp chiếu','2022-11-16','06:03',33,25,13),(5947,'sắp chiếu','2022-11-16','08:59',33,25,13),(5948,'sắp chiếu','2022-11-16','08:42',33,25,13),(5949,'sắp chiếu','2022-11-16','01:53',53,25,13),(5950,'sắp chiếu','2022-12-11','07:08',53,25,13),(5951,'sắp chiếu','2022-12-11','08:53',53,25,13),(5952,'sắp chiếu','2022-12-11','11:16',53,25,13),(5953,'sắp chiếu','2022-12-11','05:41',53,25,13),(5954,'sắp chiếu','2022-03-21','08:49',53,25,13),(5955,'sắp chiếu','2022-03-21','14:04',53,25,13),(5956,'sắp chiếu','2022-03-21','08:55',53,25,13),(5957,'sắp chiếu','2022-03-21','07:50',53,25,13),(5958,'sắp chiếu','2022-07-25','08:55',53,25,14),(5959,'sắp chiếu','2022-07-25','09:52',53,25,14),(5960,'sắp chiếu','2022-07-25','21:22',53,25,14),(5961,'sắp chiếu','2022-07-25','02:29',43,25,14),(5966,'sắp chiếu','2022-12-10','14:34',43,25,14),(5967,'sắp chiếu','2022-12-10','20:57',43,25,14),(5968,'sắp chiếu','2022-12-10','07:41',43,25,14),(5969,'sắp chiếu','2022-12-10','12:44',43,25,14),(5970,'sắp chiếu','2022-02-10','23:48',43,25,14),(5975,'sắp chiếu','2022-04-30','06:58',43,24,10),(5976,'sắp chiếu','2022-04-30','02:26',23,24,10),(5977,'sắp chiếu','2022-04-30','20:55',23,24,10),(5978,'sắp chiếu','2022-12-31','10:20',23,24,10),(5979,'sắp chiếu','2022-12-31','08:40',23,24,10),(5980,'sắp chiếu','2022-12-31','05:20',23,24,10),(5981,'sắp chiếu','2022-12-31','06:31',23,24,10),(5982,'sắp chiếu','2022-08-02','05:51',23,24,10),(5983,'sắp chiếu','2022-08-02','01:16',23,24,10),(5984,'sắp chiếu','2022-08-02','21:17',23,24,10),(5985,'sắp chiếu','2022-08-02','07:25',23,24,10),(5990,'sắp chiếu','2022-01-09','05:52',37,24,2),(5991,'sắp chiếu','2022-01-09','08:15',37,24,2),(5992,'sắp chiếu','2022-01-09','24:31',37,24,2),(5993,'sắp chiếu','2022-01-09','08:53',37,24,2),(5998,'sắp chiếu','2022-11-14','12:58',37,24,2),(5999,'sắp chiếu','2022-11-14','04:16',37,24,2),(6000,'sắp chiếu','2022-11-14','05:06',37,24,2),(6001,'sắp chiếu','2022-11-14','08:36',37,24,2),(6002,'sắp chiếu','2022-11-17','01:20',37,24,2),(6003,'sắp chiếu','2022-11-17','14:32',37,24,2),(6004,'sắp chiếu','2022-11-17','24:35',37,24,2),(6005,'sắp chiếu','2022-11-17','13:56',37,24,2),(6006,'sắp chiếu','2022-04-29','07:01',37,23,13),(6007,'sắp chiếu','2022-04-29','21:14',37,23,13),(6008,'sắp chiếu','2022-04-29','06:38',16,23,13),(6009,'sắp chiếu','2022-04-29','20:23',16,23,13),(6010,'sắp chiếu','2022-10-31','09:38',16,23,13),(6011,'sắp chiếu','2022-10-31','09:29',16,23,13),(6012,'sắp chiếu','2022-10-31','08:50',16,23,13),(6013,'sắp chiếu','2022-10-31','05:40',16,23,13),(6014,'sắp chiếu','2022-06-30','07:41',16,23,13),(6015,'sắp chiếu','2022-06-30','03:31',16,23,13),(6016,'sắp chiếu','2022-06-30','14:49',16,23,13),(6017,'sắp chiếu','2022-06-30','14:46',16,23,13),(6018,'sắp chiếu','2022-10-07','09:36',16,23,13),(6019,'sắp chiếu','2022-10-07','06:39',16,23,13),(6020,'sắp chiếu','2022-10-07','00:29',16,23,13),(6021,'sắp chiếu','2022-10-07','02:09',16,23,13),(6022,'sắp chiếu','2022-12-01','06:47',16,23,14),(6023,'sắp chiếu','2022-12-01','11:48',16,23,14),(6024,'sắp chiếu','2022-12-01','06:45',16,23,14),(6025,'sắp chiếu','2022-12-01','22:19',16,23,14),(6026,'sắp chiếu','2022-10-02','14:39',16,23,14),(6027,'sắp chiếu','2022-10-02','23:34',16,23,14),(6028,'sắp chiếu','2022-10-02','05:27',16,23,14),(6029,'sắp chiếu','2022-10-02','21:51',16,23,14),(6030,'sắp chiếu','2022-10-30','20:31',16,23,14),(6031,'sắp chiếu','2022-10-30','04:05',16,23,14),(6032,'sắp chiếu','2022-10-30','22:45',16,23,14),(6033,'sắp chiếu','2022-10-30','10:48',16,23,14),(6034,'sắp chiếu','2022-11-03','05:32',16,23,14),(6035,'sắp chiếu','2022-11-03','08:20',16,23,14),(6036,'sắp chiếu','2022-11-03','20:06',16,23,14),(6037,'sắp chiếu','2022-11-03','24:14',16,23,14),(6038,'sắp chiếu','2022-12-30','10:09',16,22,10),(6039,'sắp chiếu','2022-12-30','05:02',16,22,10),(6040,'sắp chiếu','2022-12-30','00:28',16,22,10),(6041,'sắp chiếu','2022-12-30','05:29',16,22,10),(6042,'sắp chiếu','2022-10-14','08:50',16,22,10),(6043,'sắp chiếu','2022-10-14','14:41',16,22,10),(6044,'sắp chiếu','2022-10-14','00:05',16,22,10),(6045,'sắp chiếu','2022-10-14','04:47',16,22,10),(6050,'sắp chiếu','2022-11-17','09:04',16,22,10),(6051,'sắp chiếu','2022-11-17','06:48',25,22,10),(6052,'sắp chiếu','2022-11-17','14:39',25,22,10),(6053,'sắp chiếu','2022-11-17','07:47',25,22,10),(6054,'sắp chiếu','2022-08-24','10:58',25,22,2),(6055,'sắp chiếu','2022-08-24','06:48',25,22,2),(6056,'sắp chiếu','2022-08-24','03:43',25,22,2),(6057,'sắp chiếu','2022-08-24','05:32',25,22,2),(6058,'sắp chiếu','2022-09-21','03:47',25,22,2),(6059,'sắp chiếu','2022-09-21','08:15',25,22,2),(6060,'sắp chiếu','2022-09-21','00:58',25,22,2),(6061,'sắp chiếu','2022-09-21','02:42',25,22,2),(6062,'sắp chiếu','2022-10-10','07:03',25,22,2),(6063,'sắp chiếu','2022-10-10','05:19',25,22,2),(6064,'sắp chiếu','2022-10-10','21:46',25,22,2),(6065,'sắp chiếu','2022-10-10','09:58',25,22,2),(6066,'sắp chiếu','2022-07-30','09:27',25,22,2),(6067,'sắp chiếu','2022-07-30','09:27',25,22,2),(6068,'sắp chiếu','2022-07-30','10:34',25,22,2),(6069,'sắp chiếu','2022-07-30','06:23',25,22,2),(6070,'sắp chiếu','2022-07-04','06:06',25,21,13),(6075,'sắp chiếu','2022-11-19','01:23',36,21,13),(6076,'sắp chiếu','2022-11-19','05:57',36,21,13),(6077,'sắp chiếu','2022-11-19','21:13',36,21,13),(6078,'sắp chiếu','2022-03-04','02:14',36,21,13),(6079,'sắp chiếu','2022-03-04','05:31',36,21,13),(6080,'sắp chiếu','2022-03-04','21:04',36,21,13),(6081,'sắp chiếu','2022-03-04','09:37',36,21,13),(6082,'sắp chiếu','2022-11-02','22:47',36,21,13),(6083,'sắp chiếu','2022-11-02','22:34',36,21,13),(6084,'sắp chiếu','2022-11-02','08:12',36,21,13),(6085,'sắp chiếu','2022-11-02','24:59',36,21,13),(6090,'sắp chiếu','2022-07-05','24:12',36,21,14),(6091,'sắp chiếu','2022-07-05','23:14',36,21,14),(6092,'sắp chiếu','2022-07-05','20:16',36,21,14),(6093,'sắp chiếu','2022-07-05','12:25',36,21,14),(6094,'sắp chiếu','2022-11-13','07:09',36,21,14),(6095,'sắp chiếu','2022-11-13','03:42',36,21,14),(6096,'sắp chiếu','2022-11-13','21:41',36,21,14),(6097,'sắp chiếu','2022-11-13','22:19',36,21,14),(6098,'sắp chiếu','2022-08-30','23:23',36,21,14),(6099,'sắp chiếu','2022-08-30','20:44',36,21,14),(6100,'sắp chiếu','2022-08-30','04:58',36,21,14),(6101,'sắp chiếu','2022-08-30','11:17',36,21,14),(6102,'sắp chiếu','2022-10-30','12:53',36,20,10),(6103,'sắp chiếu','2022-10-30','23:33',36,20,10),(6104,'sắp chiếu','2022-10-30','03:19',36,20,10),(6105,'sắp chiếu','2022-10-30','05:13',36,20,10),(6106,'sắp chiếu','2022-11-09','08:28',36,20,10),(6107,'sắp chiếu','2022-11-09','07:47',40,20,10),(6108,'sắp chiếu','2022-11-09','00:36',40,20,10),(6109,'sắp chiếu','2022-11-09','21:29',40,20,10),(6110,'sắp chiếu','2022-10-31','13:22',40,20,10),(6111,'sắp chiếu','2022-10-31','10:52',40,20,10),(6112,'sắp chiếu','2022-10-31','10:11',40,20,10),(6113,'sắp chiếu','2022-10-31','01:38',40,20,10),(6114,'sắp chiếu','2022-12-24','24:12',31,20,10),(6115,'sắp chiếu','2022-12-24','00:22',31,20,10),(6116,'sắp chiếu','2022-12-24','05:09',31,20,10),(6117,'sắp chiếu','2022-12-24','03:23',31,20,10),(6118,'sắp chiếu','2022-01-26','06:45',31,20,2),(6119,'sắp chiếu','2022-01-26','12:41',31,20,2),(6120,'sắp chiếu','2022-01-26','13:27',31,20,2),(6121,'sắp chiếu','2022-01-26','07:05',31,20,2),(6122,'sắp chiếu','2022-04-05','21:03',31,20,2),(6123,'sắp chiếu','2022-04-05','08:17',31,20,2),(6124,'sắp chiếu','2022-04-05','21:26',31,20,2),(6125,'sắp chiếu','2022-04-05','05:18',31,20,2),(6126,'sắp chiếu','2022-05-31','07:04',31,20,2),(6127,'sắp chiếu','2022-05-31','06:01',22,20,2),(6128,'sắp chiếu','2022-05-31','20:31',22,20,2),(6129,'sắp chiếu','2022-05-31','13:32',22,20,2),(6130,'sắp chiếu','2022-12-10','07:19',22,20,2),(6131,'sắp chiếu','2022-12-10','02:52',22,20,2),(6132,'sắp chiếu','2022-12-10','07:19',22,20,2),(6133,'sắp chiếu','2022-12-10','08:58',22,20,2),(6134,'sắp chiếu','2022-11-22','05:55',22,18,13),(6135,'sắp chiếu','2022-11-22','01:05',22,18,13),(6136,'sắp chiếu','2022-11-22','08:23',47,18,13),(6137,'sắp chiếu','2022-11-22','21:49',47,18,13),(6138,'sắp chiếu','2022-11-25','00:12',47,18,13),(6139,'sắp chiếu','2022-11-25','02:50',47,18,13),(6140,'sắp chiếu','2022-11-25','21:26',47,18,13),(6141,'sắp chiếu','2022-11-25','13:37',47,18,13),(6142,'sắp chiếu','2022-04-08','13:45',47,18,13),(6143,'sắp chiếu','2022-04-08','05:02',47,18,13),(6144,'sắp chiếu','2022-04-08','07:48',47,18,13),(6145,'sắp chiếu','2022-04-08','09:16',47,18,13),(6146,'sắp chiếu','2022-10-18','08:13',47,18,13),(6147,'sắp chiếu','2022-10-18','11:07',47,18,13),(6148,'sắp chiếu','2022-10-18','07:10',47,18,13),(6149,'sắp chiếu','2022-10-18','07:39',47,18,13),(6150,'sắp chiếu','2022-11-12','21:27',47,18,14),(6151,'sắp chiếu','2022-11-12','07:19',37,18,14),(6152,'sắp chiếu','2022-11-12','24:17',37,18,14),(6153,'sắp chiếu','2022-11-12','08:52',37,18,14),(6154,'sắp chiếu','2022-10-31','10:39',37,18,14),(6155,'sắp chiếu','2022-10-31','05:53',37,18,14),(6156,'sắp chiếu','2022-10-31','07:21',37,18,14),(6157,'sắp chiếu','2022-10-31','02:32',37,18,14),(6158,'sắp chiếu','2022-03-30','08:32',37,18,14),(6159,'sắp chiếu','2022-03-30','09:24',37,18,14),(6160,'sắp chiếu','2022-03-30','05:01',37,18,14),(6161,'sắp chiếu','2022-03-30','07:32',37,18,14),(6162,'sắp chiếu','2022-10-18','11:21',37,18,14),(6163,'sắp chiếu','2022-10-18','01:22',37,18,14),(6164,'sắp chiếu','2022-10-18','14:11',37,18,14),(6165,'sắp chiếu','2022-10-18','05:02',11,18,14),(6166,'sắp chiếu','2022-11-30','08:24',11,17,10),(6167,'sắp chiếu','2022-11-30','09:23',11,17,10),(6168,'sắp chiếu','2022-11-30','03:49',11,17,10),(6169,'sắp chiếu','2022-11-30','03:01',11,17,10),(6175,'sắp chiếu','2022-10-07','09:22',11,17,10),(6176,'sắp chiếu','2022-10-07','08:24',11,17,10),(6177,'sắp chiếu','2022-10-07','24:47',12,17,10),(6178,'sắp chiếu','2022-12-21','07:10',12,17,10),(6179,'sắp chiếu','2022-12-21','02:31',12,17,10),(6180,'sắp chiếu','2022-12-21','07:35',12,17,10),(6181,'sắp chiếu','2022-12-21','08:45',12,17,10),(6182,'sắp chiếu','2022-12-28','09:40',14,17,2),(6183,'sắp chiếu','2022-12-28','08:26',14,17,2),(6184,'sắp chiếu','2022-12-28','06:53',14,17,2),(6185,'sắp chiếu','2022-12-28','24:12',14,17,2),(6186,'sắp chiếu','2022-04-30','05:04',14,17,2),(6187,'sắp chiếu','2022-04-30','04:34',14,17,2),(6188,'sắp chiếu','2022-04-30','08:10',14,17,2),(6189,'sắp chiếu','2022-04-30','08:45',14,17,2),(6190,'sắp chiếu','2022-10-09','07:45',17,17,2),(6191,'sắp chiếu','2022-10-09','08:14',17,17,2),(6192,'sắp chiếu','2022-10-09','08:26',17,17,2),(6193,'sắp chiếu','2022-10-09','05:05',17,17,2),(6194,'sắp chiếu','2022-05-28','09:13',17,17,2),(6195,'sắp chiếu','2022-05-28','24:58',17,17,2),(6196,'sắp chiếu','2022-05-28','00:06',17,17,2),(6197,'sắp chiếu','2022-05-28','05:22',17,17,2),(6198,'sắp chiếu','2022-11-05','06:16',17,13,13),(6199,'sắp chiếu','2022-11-05','24:56',17,13,13),(6200,'sắp chiếu','2022-11-05','01:42',17,13,13),(6201,'sắp chiếu','2022-11-05','08:18',17,13,13),(6202,'sắp chiếu','2022-08-31','05:33',17,13,13),(6203,'sắp chiếu','2022-08-31','23:09',17,13,13),(6204,'sắp chiếu','2022-08-31','01:58',17,13,13),(6205,'sắp chiếu','2022-08-31','23:52',17,13,13),(6206,'sắp chiếu','2022-11-30','08:49',17,13,13),(6207,'sắp chiếu','2022-11-30','04:15',17,13,13),(6208,'sắp chiếu','2022-11-30','23:51',19,13,13),(6209,'sắp chiếu','2022-11-30','22:45',19,13,13),(6210,'sắp chiếu','2022-02-10','20:49',19,13,13),(6211,'sắp chiếu','2022-02-10','06:14',19,13,13),(6212,'sắp chiếu','2022-02-10','04:16',19,13,13),(6213,'sắp chiếu','2022-02-10','00:22',27,13,13),(6214,'sắp chiếu','2022-10-30','20:49',27,13,14),(6215,'sắp chiếu','2022-10-30','06:33',27,13,14),(6216,'sắp chiếu','2022-10-30','04:58',27,13,14),(6217,'sắp chiếu','2022-10-30','08:27',27,13,14),(6218,'sắp chiếu','2022-10-09','08:16',27,13,14),(6219,'sắp chiếu','2022-10-09','09:48',27,13,14),(6220,'sắp chiếu','2022-10-09','06:20',27,13,14),(6221,'sắp chiếu','2022-10-09','05:34',27,13,14),(6222,'sắp chiếu','2022-10-07','03:44',27,13,14),(6245,'sắp chiếu','2022-11-30','08:09',1,12,10),(6246,'sắp chiếu','2022-08-25','06:17',1,12,2),(6247,'sắp chiếu','2022-08-25','05:32',1,12,2),(6248,'sắp chiếu','2022-08-25','06:28',1,12,2),(6249,'sắp chiếu','2022-08-25','06:40',1,12,2),(6250,'sắp chiếu','2022-08-08','13:14',1,12,2),(6251,'sắp chiếu','2022-08-08','07:21',1,12,2),(6252,'sắp chiếu','2022-08-08','09:25',1,12,2),(6253,'sắp chiếu','2022-08-08','09:14',1,12,2),(6254,'sắp chiếu','2022-09-19','07:04',1,12,2),(6255,'sắp chiếu','2022-09-19','01:25',1,12,2),(6256,'sắp chiếu','2022-09-19','23:26',1,12,2),(6257,'sắp chiếu','2022-09-19','21:45',1,12,2),(6258,'sắp chiếu','2022-12-15','05:28',1,12,2),(6259,'sắp chiếu','2022-12-15','05:21',1,12,2),(6260,'sắp chiếu','2022-12-15','06:14',1,12,2),(6261,'sắp chiếu','2022-12-15','22:25',1,12,2),(6262,'sắp chiếu','2022-12-31','20:47',1,50,13),(6263,'sắp chiếu','2022-12-31','23:01',1,50,13),(6264,'sắp chiếu','2022-12-31','11:34',1,50,13),(6265,'sắp chiếu','2022-12-31','06:24',1,50,13),(6266,'sắp chiếu','2022-02-17','07:42',1,50,13),(6267,'sắp chiếu','2022-02-17','23:15',1,50,13),(6268,'sắp chiếu','2022-02-17','22:18',1,50,13),(6269,'sắp chiếu','2022-02-17','14:21',1,50,13),(6270,'sắp chiếu','2022-10-27','24:07',1,50,13),(6275,'sắp chiếu','2022-11-08','05:20',1,50,13),(6276,'sắp chiếu','2022-11-08','24:43',1,50,13),(6277,'sắp chiếu','2022-11-08','09:41',1,50,13),(6278,'sắp chiếu','2022-07-03','07:32',1,50,14),(6279,'sắp chiếu','2022-07-03','05:29',1,50,14),(6280,'sắp chiếu','2022-07-03','08:15',1,50,14),(6281,'sắp chiếu','2022-07-03','00:32',1,50,14),(6282,'sắp chiếu','2022-06-04','10:46',1,50,14),(6283,'sắp chiếu','2022-06-04','06:41',1,50,14),(6284,'sắp chiếu','2022-06-04','02:27',1,50,14),(6285,'sắp chiếu','2022-06-04','06:26',1,50,14),(6286,'sắp chiếu','2022-10-31','01:26',1,50,14),(6287,'sắp chiếu','2022-10-31','06:10',1,50,14),(6288,'sắp chiếu','2022-10-31','21:21',1,50,14),(6289,'sắp chiếu','2022-10-31','08:31',1,50,14),(6290,'sắp chiếu','2022-01-11','06:07',1,50,14),(6291,'sắp chiếu','2022-01-11','05:26',1,50,14),(6292,'sắp chiếu','2022-01-11','09:51',1,50,14),(6293,'sắp chiếu','2022-01-11','08:50',1,50,14),(6294,'sắp chiếu','2022-10-14','00:49',1,51,10),(6295,'sắp chiếu','2022-10-14','09:27',1,51,10),(6296,'sắp chiếu','2022-10-14','06:15',1,51,10),(6297,'sắp chiếu','2022-10-14','09:50',1,51,10),(6298,'sắp chiếu','2022-03-30','07:15',1,51,10),(6299,'sắp chiếu','2022-03-30','05:36',1,51,10),(6300,'sắp chiếu','2022-03-30','00:28',1,51,10),(6301,'sắp chiếu','2022-03-30','22:19',1,51,10),(6306,'sắp chiếu','2022-12-06','20:33',1,51,10),(6307,'sắp chiếu','2022-12-06','01:32',1,51,10),(6308,'sắp chiếu','2022-12-06','23:36',1,51,10),(6309,'sắp chiếu','2022-12-06','24:04',1,51,10),(6310,'sắp chiếu','2022-06-30','07:22',1,51,2),(6311,'sắp chiếu','2022-06-30','22:47',1,51,2),(6312,'sắp chiếu','2022-06-30','05:55',1,51,2),(6313,'sắp chiếu','2022-06-30','05:28',1,51,2),(6314,'sắp chiếu','2022-04-04','11:41',1,51,2),(6315,'sắp chiếu','2022-04-04','05:23',1,51,2),(6316,'sắp chiếu','2022-04-04','07:06',1,51,2),(6317,'sắp chiếu','2022-04-04','06:58',1,51,2),(6318,'sắp chiếu','2022-08-19','12:23',1,51,2),(6319,'sắp chiếu','2022-08-19','05:15',1,51,2),(6320,'sắp chiếu','2022-08-19','09:33',1,51,2),(6321,'sắp chiếu','2022-08-19','12:08',1,51,2),(6322,'sắp chiếu','2022-10-11','11:11',1,51,2),(6323,'sắp chiếu','2022-10-11','11:36',1,51,2),(6324,'sắp chiếu','2022-10-11','03:54',1,51,2),(6325,'sắp chiếu','2022-10-11','06:44',1,51,2),(6326,'sắp chiếu','2022-04-20','05:02',1,52,13),(6327,'sắp chiếu','2022-04-20','07:50',1,52,13),(6328,'sắp chiếu','2022-04-20','07:19',1,52,13),(6329,'sắp chiếu','2022-04-20','10:15',1,52,13),(6330,'sắp chiếu','2022-12-31','20:35',1,52,13),(6331,'sắp chiếu','2022-12-31','02:11',1,52,13),(6332,'sắp chiếu','2022-12-31','00:07',1,52,13),(6333,'sắp chiếu','2022-12-31','13:54',1,52,13),(6334,'sắp chiếu','2022-01-18','20:23',1,52,13),(6335,'sắp chiếu','2022-01-18','14:15',1,52,13),(6336,'sắp chiếu','2022-01-18','07:02',1,52,13),(6337,'sắp chiếu','2022-01-18','09:09',1,52,13),(6338,'sắp chiếu','2022-01-02','07:29',1,52,13),(6339,'sắp chiếu','2022-01-02','06:08',1,52,13),(6340,'sắp chiếu','2022-01-02','04:49',1,52,13),(6341,'sắp chiếu','2022-01-02','07:41',1,52,13),(6342,'sắp chiếu','2022-10-30','08:07',1,52,14),(6343,'sắp chiếu','2022-10-30','23:08',1,52,14),(6344,'sắp chiếu','2022-10-30','05:31',1,52,14),(6345,'sắp chiếu','2022-10-30','22:38',1,52,14),(6346,'sắp chiếu','2022-01-31','13:37',1,52,14),(6347,'sắp chiếu','2022-01-31','08:11',1,52,14),(6348,'sắp chiếu','2022-01-31','11:57',1,52,14),(6349,'sắp chiếu','2022-01-31','13:36',1,52,14),(6350,'sắp chiếu','2022-10-31','08:28',1,52,14),(6351,'sắp chiếu','2022-10-31','09:55',1,52,14),(6352,'sắp chiếu','2022-10-31','10:31',1,52,14),(6353,'sắp chiếu','2022-10-31','06:05',1,52,14),(6354,'sắp chiếu','2022-05-31','05:27',1,52,14),(6355,'sắp chiếu','2022-05-31','05:03',1,52,14),(6356,'sắp chiếu','2022-05-31','02:45',1,52,14),(6357,'sắp chiếu','2022-05-31','08:08',1,52,14),(6358,'sắp chiếu','2022-05-30','24:19',1,8,10),(6359,'sắp chiếu','2022-05-30','05:01',1,8,10),(6360,'sắp chiếu','2022-05-30','07:34',1,8,10),(6361,'sắp chiếu','2022-05-30','00:26',1,8,10),(6362,'sắp chiếu','2022-03-07','08:17',1,8,10),(6363,'sắp chiếu','2022-03-07','14:11',1,8,10),(6364,'sắp chiếu','2022-03-07','08:53',1,8,10),(6365,'sắp chiếu','2022-03-07','05:33',1,8,10),(6370,'sắp chiếu','2022-12-05','12:36',1,8,10),(6375,'sắp chiếu','2022-12-16','05:19',1,8,2),(6376,'sắp chiếu','2022-12-16','07:33',1,8,2),(6377,'sắp chiếu','2022-12-16','03:54',1,8,2),(6378,'sắp chiếu','2022-07-29','04:38',1,8,2),(6379,'sắp chiếu','2022-07-29','07:21',1,8,2),(6380,'sắp chiếu','2022-07-29','02:36',1,8,2),(6381,'sắp chiếu','2022-07-29','10:00',1,8,2),(6382,'sắp chiếu','2022-10-06','08:10',1,8,2),(6383,'sắp chiếu','2022-10-06','08:11',1,8,2),(6384,'sắp chiếu','2022-10-06','04:30',1,8,2),(6385,'sắp chiếu','2022-10-06','09:02',1,8,2),(6386,'sắp chiếu','2022-12-13','08:23',1,8,2),(6387,'sắp chiếu','2022-12-13','04:59',1,8,2),(6388,'sắp chiếu','2022-12-13','14:49',1,8,2),(6389,'sắp chiếu','2022-12-13','08:10',1,8,2),(56861,'sắp chiếu','2022-02-23','06:48',2,1,13),(57133,'sắp chiếu','2022-05-30','01:09',2,1,14),(62221,'sắp chiếu','2022-11-08','08:37',1,50,13),(571011,'sắp chiếu','2022-09-18','12:51',4,3,8),(571311,'sắp chiếu','2022-09-18','05:42',4,3,14),(571411,'sắp chiếu','2022-09-18','07:45',4,3,14),(581411,'sắp chiếu','2022-07-30','08:18',6,10,13),(612212,'sắp chiếu','2022-10-07','23:23',11,17,10);
/*!40000 ALTER TABLE `suatchieu` ENABLE KEYS */;
UNLOCK TABLES;

--
-- Table structure for table `thanhtoan`
--

DROP TABLE IF EXISTS `thanhtoan`;
/*!40101 SET @saved_cs_client     = @@character_set_client */;
 SET character_set_client = utf8mb4 ;
CREATE TABLE `thanhtoan` (
  `id` bigint(20) NOT NULL AUTO_INCREMENT,
  `idghe` bigint(20) DEFAULT NULL,
  `idphim` bigint(20) DEFAULT NULL,
  `idphongchieu` bigint(20) DEFAULT NULL,
  `idrap` bigint(20) DEFAULT NULL,
  `idsuatchieu` bigint(20) DEFAULT NULL,
  `iduser` bigint(20) DEFAULT NULL,
  `soluongve` int(11) NOT NULL,
  `idve` bigint(20) DEFAULT NULL,
  `idfood` bigint(20) DEFAULT NULL,
  `soluongfood` int(11) NOT NULL,
  `tongtien` int(11) NOT NULL,
  `ngay` varchar(255) DEFAULT NULL,
  PRIMARY KEY (`id`),
  KEY `FKkbqksdesfife119vk8c9onroc` (`idghe`),
  KEY `FKav5kjv9rhabjryjfqprfa5rb` (`idphim`),
  KEY `FKsaibphiclsnpu1o7rvff5a0vg` (`idphongchieu`),
  KEY `FKay9kx22d38a8a8btfa83mh1bt` (`idrap`),
  KEY `FK741fewj38stt00jtgtr7gb7ai` (`idsuatchieu`),
  KEY `FK5p9o1fxmqek07112ek8d97ukj` (`iduser`),
  KEY `FKps9wbb7gnu0kpc9inw2b3nrn1` (`idve`),
  KEY `FKkghgpnoke3khpl384qh5sjndm` (`idfood`),
  CONSTRAINT `FK5p9o1fxmqek07112ek8d97ukj` FOREIGN KEY (`iduser`) REFERENCES `user` (`id`),
  CONSTRAINT `FK741fewj38stt00jtgtr7gb7ai` FOREIGN KEY (`idsuatchieu`) REFERENCES `suatchieu` (`id`),
  CONSTRAINT `FKav5kjv9rhabjryjfqprfa5rb` FOREIGN KEY (`idphim`) REFERENCES `phim` (`id`),
  CONSTRAINT `FKay9kx22d38a8a8btfa83mh1bt` FOREIGN KEY (`idrap`) REFERENCES `rap` (`id`),
  CONSTRAINT `FKkbqksdesfife119vk8c9onroc` FOREIGN KEY (`idghe`) REFERENCES `ghe` (`id`),
  CONSTRAINT `FKkghgpnoke3khpl384qh5sjndm` FOREIGN KEY (`idfood`) REFERENCES `food` (`id`),
  CONSTRAINT `FKps9wbb7gnu0kpc9inw2b3nrn1` FOREIGN KEY (`idve`) REFERENCES `ve` (`id`),
  CONSTRAINT `FKsaibphiclsnpu1o7rvff5a0vg` FOREIGN KEY (`idphongchieu`) REFERENCES `phongchieu` (`id`)
) ENGINE=InnoDB AUTO_INCREMENT=9 DEFAULT CHARSET=utf8mb4 COLLATE=utf8mb4_0900_ai_ci;
/*!40101 SET character_set_client = @saved_cs_client */;

--
-- Dumping data for table `thanhtoan`
--

LOCK TABLES `thanhtoan` WRITE;
/*!40000 ALTER TABLE `thanhtoan` DISABLE KEYS */;
INSERT INTO `thanhtoan` VALUES (1,150,4,3,14,572,2,1,1,1,2,1000000,NULL),(2,139,4,3,14,572,3,1,2,1,2,1110000,NULL),(3,140,4,3,14,572,3,1,2,1,2,1110000,NULL),(4,141,4,3,14,572,3,1,2,1,2,1110000,NULL),(5,68,4,2,1,5738,3,1,1,1,2,1040000,NULL),(6,69,4,2,1,5738,3,1,1,1,2,1040000,NULL),(7,1005,14,17,2,6184,3,1,1,1,1,520000,NULL),(8,188,5,4,10,5783,3,1,1,NULL,0,70000,NULL);
/*!40000 ALTER TABLE `thanhtoan` ENABLE KEYS */;
UNLOCK TABLES;
/*!50003 SET @saved_cs_client      = @@character_set_client */ ;
/*!50003 SET @saved_cs_results     = @@character_set_results */ ;
/*!50003 SET @saved_col_connection = @@collation_connection */ ;
/*!50003 SET character_set_client  = utf8mb4 */ ;
/*!50003 SET character_set_results = utf8mb4 */ ;
/*!50003 SET collation_connection  = utf8mb4_0900_ai_ci */ ;
/*!50003 SET @saved_sql_mode       = @@sql_mode */ ;
/*!50003 SET sql_mode              = 'STRICT_TRANS_TABLES,NO_ENGINE_SUBSTITUTION' */ ;
DELIMITER ;;
/*!50003 CREATE*/ /*!50017 DEFINER=`root`@`localhost`*/ /*!50003 TRIGGER `occupy_trig` AFTER INSERT ON `thanhtoan` FOR EACH ROW UPDATE user
     SET diemtich = diemtich+1
   WHERE id = NEW.iduser */;;
DELIMITER ;
/*!50003 SET sql_mode              = @saved_sql_mode */ ;
/*!50003 SET character_set_client  = @saved_cs_client */ ;
/*!50003 SET character_set_results = @saved_cs_results */ ;
/*!50003 SET collation_connection  = @saved_col_connection */ ;

--
-- Table structure for table `tinhthanh`
--

DROP TABLE IF EXISTS `tinhthanh`;
/*!40101 SET @saved_cs_client     = @@character_set_client */;
 SET character_set_client = utf8mb4 ;
CREATE TABLE `tinhthanh` (
  `id` bigint(20) NOT NULL AUTO_INCREMENT,
  `tentinhthanh` varchar(50) NOT NULL,
  PRIMARY KEY (`id`)
) ENGINE=InnoDB AUTO_INCREMENT=7 DEFAULT CHARSET=utf8mb4 COLLATE=utf8mb4_0900_ai_ci;
/*!40101 SET character_set_client = @saved_cs_client */;

--
-- Dumping data for table `tinhthanh`
--

LOCK TABLES `tinhthanh` WRITE;
/*!40000 ALTER TABLE `tinhthanh` DISABLE KEYS */;
INSERT INTO `tinhthanh` VALUES (1,'Hà Nội'),(2,'Hải Phòng'),(3,'Đà Nẵng'),(4,'Nha Trang'),(5,'Hồ Chí Minh'),(6,'Buôn Ma thuật');
/*!40000 ALTER TABLE `tinhthanh` ENABLE KEYS */;
UNLOCK TABLES;

--
-- Table structure for table `user`
--

DROP TABLE IF EXISTS `user`;
/*!40101 SET @saved_cs_client     = @@character_set_client */;
 SET character_set_client = utf8mb4 ;
CREATE TABLE `user` (
  `id` bigint(20) NOT NULL AUTO_INCREMENT,
  `avatar` tinytext,
  `diemtich` int(11) NOT NULL,
  `email` varchar(255) DEFAULT NULL,
  `pass` varchar(255) DEFAULT NULL,
  `sdt` varchar(255) DEFAULT NULL,
  `user` varchar(255) DEFAULT NULL,
  PRIMARY KEY (`id`),
  UNIQUE KEY `UKob8kqyqqgmefl0aco34akdtpe` (`email`),
  UNIQUE KEY `UK3hmkvyxrs61v0dpt5c1h0m5kl` (`sdt`)
) ENGINE=InnoDB AUTO_INCREMENT=5 DEFAULT CHARSET=utf8mb4 COLLATE=utf8mb4_0900_ai_ci;
/*!40101 SET character_set_client = @saved_cs_client */;

--
-- Dumping data for table `user`
--

LOCK TABLES `user` WRITE;
/*!40000 ALTER TABLE `user` DISABLE KEYS */;
INSERT INTO `user` VALUES (1,'https://deviet.vn/wp-content/uploads/2019/04/vuong-quoc-anh.jpg',0,'1@gmail.com','123','111','Thanh'),(2,'https://deviet.vn/wp-content/uploads/2019/04/vuong-quoc-anh.jpg',1,'2@gmail.com','123','222','Thanh'),(3,'../assets/IMG_4949.JPG',7,'3@gmail.com','123','333','Thanh'),(4,NULL,0,'1','1','1',NULL);
/*!40000 ALTER TABLE `user` ENABLE KEYS */;
UNLOCK TABLES;

--
-- Table structure for table `user_roles`
--

DROP TABLE IF EXISTS `user_roles`;
/*!40101 SET @saved_cs_client     = @@character_set_client */;
 SET character_set_client = utf8mb4 ;
CREATE TABLE `user_roles` (
  `user_id` bigint(20) NOT NULL,
  `role_id` bigint(20) NOT NULL,
  PRIMARY KEY (`user_id`,`role_id`),
  KEY `FKh8ciramu9cc9q3qcqiv4ue8a6` (`role_id`),
  CONSTRAINT `FK55itppkw3i07do3h7qoclqd4k` FOREIGN KEY (`user_id`) REFERENCES `user` (`id`),
  CONSTRAINT `FKh8ciramu9cc9q3qcqiv4ue8a6` FOREIGN KEY (`role_id`) REFERENCES `roles` (`id`)
) ENGINE=InnoDB DEFAULT CHARSET=utf8mb4 COLLATE=utf8mb4_0900_ai_ci;
/*!40101 SET character_set_client = @saved_cs_client */;

--
-- Dumping data for table `user_roles`
--

LOCK TABLES `user_roles` WRITE;
/*!40000 ALTER TABLE `user_roles` DISABLE KEYS */;
INSERT INTO `user_roles` VALUES (1,4),(2,4),(3,5),(4,5);
/*!40000 ALTER TABLE `user_roles` ENABLE KEYS */;
UNLOCK TABLES;

--
-- Table structure for table `ve`
--

DROP TABLE IF EXISTS `ve`;
/*!40101 SET @saved_cs_client     = @@character_set_client */;
 SET character_set_client = utf8mb4 ;
CREATE TABLE `ve` (
  `id` bigint(20) NOT NULL AUTO_INCREMENT,
  `giave` int(11) NOT NULL,
  `noidung` varchar(255) DEFAULT NULL,
  `tenve` varchar(255) DEFAULT NULL,
  `trangthai` varchar(255) DEFAULT NULL,
  PRIMARY KEY (`id`)
) ENGINE=InnoDB AUTO_INCREMENT=6 DEFAULT CHARSET=utf8mb4 COLLATE=utf8mb4_0900_ai_ci;
/*!40101 SET character_set_client = @saved_cs_client */;

--
-- Dumping data for table `ve`
--

LOCK TABLES `ve` WRITE;
/*!40000 ALTER TABLE `ve` DISABLE KEYS */;
INSERT INTO `ve` VALUES (1,70000,'Vé 2D áp dụng cho khách hàng thành viên','Người Lớn - member - 2D','đang bán'),(2,70000,'Vé 3D áp dụng cho khách hàng thành viên','Người Lớn - member - 3D','đang bán'),(3,150000,'Vé Đôi Bao Gồm 2 vé 2D','Ghế Đôi 2D','đang bán'),(4,200000,'Vé Đôi Bao Gồm 2 vé 3D','Ghế Đôi 3D','đang bán'),(5,500000,'Vé 1 người rẻ','Vé 1','ngưng bán');
/*!40000 ALTER TABLE `ve` ENABLE KEYS */;
UNLOCK TABLES;

--
-- Dumping events for database 'cinema'
--

--
-- Dumping routines for database 'cinema'
--
/*!50003 DROP PROCEDURE IF EXISTS `citycount` */;
/*!50003 SET @saved_cs_client      = @@character_set_client */ ;
/*!50003 SET @saved_cs_results     = @@character_set_results */ ;
/*!50003 SET @saved_col_connection = @@collation_connection */ ;
/*!50003 SET character_set_client  = utf8mb4 */ ;
/*!50003 SET character_set_results = utf8mb4 */ ;
/*!50003 SET collation_connection  = utf8mb4_0900_ai_ci */ ;
/*!50003 SET @saved_sql_mode       = @@sql_mode */ ;
/*!50003 SET sql_mode              = 'STRICT_TRANS_TABLES,NO_ENGINE_SUBSTITUTION' */ ;
DELIMITER ;;
CREATE DEFINER=`root`@`localhost` PROCEDURE `citycount`(IN country CHAR(3), OUT cities INT)
BEGIN

       END ;;
DELIMITER ;
/*!50003 SET sql_mode              = @saved_sql_mode */ ;
/*!50003 SET character_set_client  = @saved_cs_client */ ;
/*!50003 SET character_set_results = @saved_cs_results */ ;
/*!50003 SET collation_connection  = @saved_col_connection */ ;
/*!50003 DROP PROCEDURE IF EXISTS `insert_ghe` */;
/*!50003 SET @saved_cs_client      = @@character_set_client */ ;
/*!50003 SET @saved_cs_results     = @@character_set_results */ ;
/*!50003 SET @saved_col_connection = @@collation_connection */ ;
/*!50003 SET character_set_client  = utf8mb4 */ ;
/*!50003 SET character_set_results = utf8mb4 */ ;
/*!50003 SET collation_connection  = utf8mb4_0900_ai_ci */ ;
/*!50003 SET @saved_sql_mode       = @@sql_mode */ ;
/*!50003 SET sql_mode              = 'STRICT_TRANS_TABLES,NO_ENGINE_SUBSTITUTION' */ ;
DELIMITER ;;
CREATE DEFINER=`root`@`localhost` PROCEDURE `insert_ghe`()
BEGIN
    DECLARE i INT DEFAULT 1;
    WHILE (i <= 280) DO
insert into ghe(tenghe,trangthai,idhangghe) values('1', 'trống',i );
insert into ghe(tenghe,trangthai,idhangghe) values('2', 'trống', i);
insert into ghe(tenghe,trangthai,idhangghe) values('3', 'trống', i);
insert into ghe(tenghe,trangthai,idhangghe) values('4', 'trống', i);
insert into ghe(tenghe,trangthai,idhangghe) values('5', 'trống', i);
insert into ghe(tenghe,trangthai,idhangghe) values('6', 'trống', i);
insert into ghe(tenghe,trangthai,idhangghe) values('7', 'trống', i);
insert into ghe(tenghe,trangthai,idhangghe) values('8', 'trống', i);
insert into ghe(tenghe,trangthai,idhangghe) values('9', 'trống', i);
insert into ghe(tenghe,trangthai,idhangghe) values('10', 'trống', i);
insert into ghe(tenghe,trangthai,idhangghe) values('11', 'trống', i);
insert into ghe(tenghe,trangthai,idhangghe) values('12', 'trống', i);
        SET i = i + 1;
    END WHILE;
END ;;
DELIMITER ;
/*!50003 SET sql_mode              = @saved_sql_mode */ ;
/*!50003 SET character_set_client  = @saved_cs_client */ ;
/*!50003 SET character_set_results = @saved_cs_results */ ;
/*!50003 SET collation_connection  = @saved_col_connection */ ;
/*!50003 DROP PROCEDURE IF EXISTS `insert_hangghe` */;
/*!50003 SET @saved_cs_client      = @@character_set_client */ ;
/*!50003 SET @saved_cs_results     = @@character_set_results */ ;
/*!50003 SET @saved_col_connection = @@collation_connection */ ;
/*!50003 SET character_set_client  = utf8mb4 */ ;
/*!50003 SET character_set_results = utf8mb4 */ ;
/*!50003 SET collation_connection  = utf8mb4_0900_ai_ci */ ;
/*!50003 SET @saved_sql_mode       = @@sql_mode */ ;
/*!50003 SET sql_mode              = 'STRICT_TRANS_TABLES,NO_ENGINE_SUBSTITUTION' */ ;
DELIMITER ;;
CREATE DEFINER=`root`@`localhost` PROCEDURE `insert_hangghe`()
BEGIN
    DECLARE i INT DEFAULT 6;
    WHILE (i <= 56) DO
        INSERT INTO hangghe (tenhangghe, idphong) VALUES ('h1', i);
        INSERT INTO hangghe (tenhangghe, idphong) VALUES ('h2', i);
        INSERT INTO hangghe (tenhangghe, idphong) VALUES ('h3', i);
        INSERT INTO hangghe (tenhangghe, idphong) VALUES ('h4', i);
        INSERT INTO hangghe (tenhangghe, idphong) VALUES ('h5', i);
        SET i = i + 1;
    END WHILE;
END ;;
DELIMITER ;
/*!50003 SET sql_mode              = @saved_sql_mode */ ;
/*!50003 SET character_set_client  = @saved_cs_client */ ;
/*!50003 SET character_set_results = @saved_cs_results */ ;
/*!50003 SET collation_connection  = @saved_col_connection */ ;
/*!50003 DROP PROCEDURE IF EXISTS `proc1edureName` */;
/*!50003 SET @saved_cs_client      = @@character_set_client */ ;
/*!50003 SET @saved_cs_results     = @@character_set_results */ ;
/*!50003 SET @saved_col_connection = @@collation_connection */ ;
/*!50003 SET character_set_client  = utf8mb4 */ ;
/*!50003 SET character_set_results = utf8mb4 */ ;
/*!50003 SET collation_connection  = utf8mb4_0900_ai_ci */ ;
/*!50003 SET @saved_sql_mode       = @@sql_mode */ ;
/*!50003 SET sql_mode              = 'STRICT_TRANS_TABLES,NO_ENGINE_SUBSTITUTION' */ ;
DELIMITER ;;
CREATE DEFINER=`root`@`localhost` PROCEDURE `proc1edureName`()
BEGIN
   SELECT *  FROM phim;
END ;;
DELIMITER ;
/*!50003 SET sql_mode              = @saved_sql_mode */ ;
/*!50003 SET character_set_client  = @saved_cs_client */ ;
/*!50003 SET character_set_results = @saved_cs_results */ ;
/*!50003 SET collation_connection  = @saved_col_connection */ ;
/*!50003 DROP PROCEDURE IF EXISTS `procedureName` */;
/*!50003 SET @saved_cs_client      = @@character_set_client */ ;
/*!50003 SET @saved_cs_results     = @@character_set_results */ ;
/*!50003 SET @saved_col_connection = @@collation_connection */ ;
/*!50003 SET character_set_client  = utf8mb4 */ ;
/*!50003 SET character_set_results = utf8mb4 */ ;
/*!50003 SET collation_connection  = utf8mb4_0900_ai_ci */ ;
/*!50003 SET @saved_sql_mode       = @@sql_mode */ ;
/*!50003 SET sql_mode              = 'STRICT_TRANS_TABLES,NO_ENGINE_SUBSTITUTION' */ ;
DELIMITER ;;
CREATE DEFINER=`root`@`localhost` PROCEDURE `procedureName`()
BEGIN
   SELECT *  FROM phim;
END ;;
DELIMITER ;
/*!50003 SET sql_mode              = @saved_sql_mode */ ;
/*!50003 SET character_set_client  = @saved_cs_client */ ;
/*!50003 SET character_set_results = @saved_cs_results */ ;
/*!50003 SET collation_connection  = @saved_col_connection */ ;
/*!40103 SET TIME_ZONE=@OLD_TIME_ZONE */;

/*!40101 SET SQL_MODE=@OLD_SQL_MODE */;
/*!40014 SET FOREIGN_KEY_CHECKS=@OLD_FOREIGN_KEY_CHECKS */;
/*!40014 SET UNIQUE_CHECKS=@OLD_UNIQUE_CHECKS */;
/*!40101 SET CHARACTER_SET_CLIENT=@OLD_CHARACTER_SET_CLIENT */;
/*!40101 SET CHARACTER_SET_RESULTS=@OLD_CHARACTER_SET_RESULTS */;
/*!40101 SET COLLATION_CONNECTION=@OLD_COLLATION_CONNECTION */;
/*!40111 SET SQL_NOTES=@OLD_SQL_NOTES */;

-- Dump completed on 2023-04-28 13:26:46
